식당이름,식당설명,식당설명요약,전화번호,소재지주소,좌석,주차,휴무일,분류
이천영양돌솥밥,이천영양돌솥밥은 균형 잡힌 영양 식단과 신토불이 음식을 고집스럽게 지켜온 한정식 식당이다. 손이 많이 가는 한정식을 같은 자리에서 27년간이나 운영했다는 것만 봐도 사장님의 한정식에 대한 집념과 애정이 오롯이 느껴진다.,건강하고 맛있는 돌솥밥 영양 한정식,031-408-2008,경기도 안산시 상록구 항가울로 7,"좌석 1층 30석, 2층 60석",인근 주차 가능,명절,한식
청대문,"예나 지금이나, 일상의 피로에 지치고 무더위로 입맛을 잃었을 때  우리 입맛을 돋우는 음식은 자연의 선물인 채소와 나물이다.  풋풋하고 쌉싸래한가 싶으면서도 부드럽고 달콤한 맛.  그중에서도 강원도 고지에서 자생하는 곤드레와 질경이는 이름만 들어도 건강한 자연의 맛이 느껴진다.  곤드레나물을 비롯해 푸릇한 자연으로 맛을 내는 귀한 식당이 바로 청대문이다.",사랑과 정성으로 빚은 곤드레나물 한 상,031-403-5545,경기도 안산시 상록구 본삼로 11 빛나프라자 2층,좌석 200석,유료주차장,"설날, 추석 당일 휴무",한식
토담,토담은 강원도 토속음식을 전문으로 다루는 음식점이다.  강원도 출신 사장님의 정성 어린 음식을 제대로 맛볼 수 있는 곳.  음식 만들기를 즐겼던 만큼 손맛 좋은 사장님이 어릴 때 먹었던  강원도 음식을 손님의 입맛에 맞게 재해석해 내놓는 20년 전통의 건강 만점 영양음식점이다.,강원도 토속음식의 모든 것,031-438-7246,경기도 안산시 상록구 서암로4길 35,72석,주차_식당 앞 공영주차장,"첫째, 셋째 주 일요일",한식
갈비락,"우리에게 갈비=행복의 등식을 자동입력시켰던 숯불갈비의 매력은  갈비 맛과 숯불 멋과 함께하는 가족, 친구, 동료들의 모습일 것이다.  ‘이동 갈비락’은 갈비락을 찾는 고객들에게 오래전부터  ‘갈비=즐거움(락)’의 맛있는 행복을 전해주고 있는 맛있는 갈비맛집이다.",수제소스로 숙성한 왕갈비의 참맛,031-408-9595,"경기도 안산시 상록구 석호로 101-1, 1층(사동)",2층 100석 3층 100석,1층 전용,명절,한식
쉐프의 정육식당,국내에 몇 안 되는 워터에이징 처리를 한 무항생제 고기를 연탄불에 구워 먹는 고기전문점이 있다.  이름도 특별한 쉐프의 정육식당이다. 이곳에서 판매하는 고기는 섭씨 0도에서 3주 숙성하여  카텝신이라는 자체 효소 작용으로 육질이 부드럽고 풍미가 우러나 단골과 메니아들을 확보하고 있는 곳이다.,최고급 금돼지·숙성소고기 숯불구이 맛집,031-417-1004,경기도 안산시 상록구 감골1로 35 월드스포션 1층,40석,건물 전용,명절,한식
엄마손손두부,"“아, 이 반가운 것은 무엇인가 / 이 하수무레하고 부드럽고 수수하고 슴슴한 것은 무엇인가” 백석 시인의 ‘국수’라는 유명한 시의 한 대목이 ‘두부’로 읽힌다.  두부에 대한 향수 때문이다. 입안을 가득 채우는 부드러운 질감과 고소함이 일품인 두부전문점! 바로 ‘엄마손순두부’이다",어머니 손맛으로 빚은 맛있는 두부 요리의 진수,031-501-1530,경기도 안산시 상록구 각골서로 6,60석,주차장 주변,첫째 셋째주 일요일,한식
거북이쌈밥,"거북이쌈밥은 연잎 쌈밥에 14가지 쌈채소를 곁들여 먹는 쌈밥전문점이다.  부와 장수를 상징하는 거북이처럼 느리고 여유롭게 친구, 가족, 단체손님이  오순도순 담소를 나누면서 맛있고 건강한 한 끼를 즐길 수 있다. 가성비가 최고 수준이다.",가성비 최고의 연잎쌈밥과 엄지 척 식도락 간장게장,031-319-7730,경기도 안산시 단원구 대쟁이길 17,80석,가능,명절,한식
진미샤브샤브칼국수,손맛 좋고 금슬 좋은 두 분 사장님이 음식도 홀서빙도 직접 다하는 곳으로직원을 쓰지 않는 비용을 손님들께 맛과 가격으로 보답하는 소문난 샤브샤브 맛집이다.특히 진심과 정성스러움이 감동인 곳이다.,맛과 가격으로 보답하는 소문난 샤브샤브 맛집,031-418-7922,경기도 안산시 상록구 감골공원 안길 1(사동),좌식 44석 매주 월요일 주변,주변,매주 월요일,한식
대풍 진국순대,"시래기국밥, 콩나물국밥, 쇠머리국밥, 순대국밥! 국밥이라 이름 불리는 음식은  대체로 서민적인 것으로 시골 장터가 떠올라 더 구수하고 더 친근하게 느껴진다.  대풍 진국순대는 상호이름 그대로 음식점 사장님의 정성이 진국으로 들어간  시골 장터에서 먹던 맛있는 국물 맛이 일품인 국밥 전문점이다.",푹 고운 진국 대국의 참맛,031-416-6162,경기도 안산시 상록구 도매시장로 29,70석,도매시장주차장,명절,한식
명태마루,명태조림의 맛있는 기억은 꾸덕하고 쫄깃쫄깃한 매혹의 식감이 한몫 한다고 할 것이다.  그러나 양념이 잘 배어들지 않아서 누구나 맛있게 요리해내기는 힘들다는 명태조림을  누구나 좋아할 수 있도록 맛있게 내놓는 매콤 명태조림 전문점으로 소문난 곳이 있다. 명태마루이다.,가성비갑 명태·생선요리 맛집,031-415-4181,경기도 안산시 상록구 항가울로 29,52개,주변,월요일,한식
이조칼국수,"18년 된 이조칼국수! 장석주 시인의 ‘대추 한 알’이라는 시에서 ‘대추가 저절로 붉어질 리 없다.천둥 몇 개, 벼락 몇 개...’ 라는 구절처럼 이조칼국수가 오늘날 맛집이 된 것은 어려움을 이겨내고 재료 아끼지 않고 최고의 품질과 맛에 대한 기본과 초심을 지켜왔음에 있다.","팥죽 맛집으로 동짓날 팥죽 3,000그릇!",031-401-5168,경기도 안산시 단원구 선부광장1로124(선부동),60석,지하,명절 지하,한식
태능골,"우리나라 사람들은 대부분 고기를 좋아한다.  맘 맞는 친구와 술 한잔할 때도, 떨어져 사는 가족들이 모일 때도 어김없이 찾게 되는 곳이  ‘푸짐하고 맛있는 고기집’이다. 월피동에 맛있는 ‘고기집’이 있다. 바로 ‘태능골’이다.","삼겹살, 소갈비살, 한방백숙 맛집",031-439-5092,경기도 안산시 상록구 안산천동로 170,80석,전용,매주 화요일,한식
주가네 명태간장조림·생선구이,"잡채, 고사리, 김, 미역국까지 넘 맛있어서 최소 2번은 리필을 하게 되는 명태 맛집!  밥, 명태조림, 콩나물, 조림 양념을 김에 올려 싸먹으면 완전 밥도둑인 명태 맛집! 이 정도면 주가네 명태간장조림·생선구이는 이미 대세를 넘어 고객들의 무한사랑 찐맛집이다.",정성으로 버무린 특제소스의 깊은 맛,031-407-9279,경기도 안산시 상록구 성호로 130,60석,전용주차장,,한식
육덕봉,"고기 맛집 ‘육덕봉’은 40대 젊은 사장님의 본명이다.  자신의 이름을 걸고 하는 만큼 믿음이 가는 식당이다.  소고기와 돼지고기 전문 맛집인 육덕봉에 가면 두번 놀란다.  첫째 품질 좋고 맛 좋은 고기에 놀라고, 인상 좋고 친절하고 반찬이 비기 전에 채워주는 서비스에 놀란다.","소고기, 돼지고기의 다양한 맛을 즐기는 고기집",031-409-8954,경기도 안산시 상록구 충장로 6길 22-2,48석 의자식 24석,건물 앞,,한식
오리세상,오리세상에 가면 오리고기의 다양한 맛을 요리별로 맛볼 수 있다.  20년째 오로지 오리고기 하나에 올인한 대표의 유별난 오리사랑은 오리가 낼 수 있는  고소하고 구수한 여러 가지 맛을 선사한다. 보양식의 진미를 제대로 맛볼 수 있는 곳.  단어 그대로 ‘오리세상’이다.,완전식품 오리 요리를 즐길 수 있는 맛집,031-414-6050,경기도 안산시 상록구 동막1길 9,150석,전용 주차장,명절,한식
수양버들,"삶의 질과 생활 수준이 높아지면서 숨어 있는 맛집을 찾는 이들이 늘어나고 있다.  그러므로 맛집 찾기는 숨은 보물 찾기와 많이 닮았다. 사계절 보양식 맛집인 수양버들이  보물 찾듯 찾아갈 명소이지 않을까. 한옥 가정집 같은 곳에서 정성으로 고운 보양식 한 상을  푸짐하게 받아 맛볼 수 있는 곳, 가성비 좋은 영양보양식 맛집이 수양버들이다.",어머니 손맛 같은 보양식 한 상,031-405-8517,경기도 안산시 상록구 원후내길 20,60석,전용 주차장,명절,한식
청정칼국수,청정칼국수는 체인점이지만 사장님은 체인점보다 더 좋은 맛을 내기 위해더 좋은 신선한 재료를 추가하여 한 번 다녀간 고객들은 단골이 되고배달 주문으로도 이어지는 국수 맛집이다.,양도 많고 맛도 좋고 친절하고 재료 아끼지 않는 곳,031-485-0505,경기도 안산시 상록구 녹지로 40(월피동),1층 36석 2층 52,주변,명절,한식
양푼왕갈비,양푼이에 매콤한 갈비찜이라는 획기적인 아이디어로 손님들의 입맛을 사로잡은  매운 갈비찜 전문점 24시 양푼왕갈비! 주 메뉴 매운갈비찜은 매운 맛을 조절할 수 있어서  누구나 즐기는 인기 메뉴이다. ,양푼에 끓인 맛있는 갈비찜,031-406-7800,경기도 안산시 상록구 송호1길 5,1층 좌석 48개 2층 48개,건물 앞,24시간 운영,한식
봉궁순대국,봉궁순대국은 한번 맛을 본 손님들을 바로 단골로 만드는 마성의 맛집이다.  그 이유는 23년 역사를 가진 (주)선진식품이라는 순대공장을 겸하고 있어서  이렇게 착해도 되는가 싶을 정도의 착한 가격과 신선하고 좋은 재료와 직접 끓인  진한 사골 육수를 사용하는 순대국 전문 맛집이기 때문이다.,사골로 고운 진한 보약 같은 국물 맛,031-439-0005,경기도 안산시 상록구 사사안골길 2-2,90석,전용 주차장,명절,한식
본오미꾸라지매운탕,‘국내산 미꾸라지만 사용합니다.’ 이 식당만의 포인트가 모두 녹아있는 문구다.  본오미꾸라지매운탕은 순수 국내산 100% 미꾸라지로 끓여 맛과 영양이 한 차원 높다고 자부하는 사장님.  그런데다 반찬은 일급 요리사 솜씨여서 한 번 맛본 손님들은 바로 단골이 된다.,100% 미꾸라지 요리 보양식,031-408-1254,경기도 안산시 상록구 각골서로 2,50석,전용,매주 일요일,한식
망향식당,"망향식당 국수하면 어김없이 떠오르는 풍경은 한여름 뙤약볕을 피해 시원한 국수 한 그릇을 맛있게 먹는  단란한 가족의 모습이다. 그 행복한 기억을 아름답게 재현해 놓은 곳이 바로 안산시 사리역 부근에 있는  비빔국수, 초계국수 맛집 망향식당이다.",사계절 맛있는 국수 맛집,031-419-5388,경기도 안산시 상록구 충장로 110,50석,8대 가능,월요일 휴무,면집
어머님칼국수,"안산은 유난히 칼국수집이 많다. 거짓말 조금 태면 족히 천 개는 되지 않을까.  그런 안산에서, 바지락칼국수의 본고장인 대부도도 아닌 곳에서 ‘안산 10대 맛집’으로 알 만한 사람들은  다 아는 ‘어머님칼국수’. 무엇이 이곳을 짧은 시간(10년)에 안산 맛집으로 자리 잡게 했을까?",안산 10대 맛집 칼국수,031-416-2539,경기도 안산시 상록구 성호로 114,의자식 70석,식물원 주차장,명절,한식
비금도횟집,"광어, 우럭, 참돔, 가자미, 전어, 도다리…. 바다를 끼고 있는 안산에는 싱싱하고 맛있는 횟집이 많지만,  까다로운 회 마니아들의 입맛을 사로잡을 정도의 회 전문점은 손에 꼽을 정도다.  그 음식점 가운데 신선한 회와 맛있는 전채요리, 칼칼하고 시원한 매운탕 맛집으로  회자되는 곳이 있는데 그곳이 비금도횟집이다.",스키다시와 생선회가 맛있는 회요리전문점,031-493-5066,경기도 안산시 상록구 본오로 26,허리방 32명 홀 24명,주변,명절,횟집
주식회사 어부,생선회는 생물 즉 살아 있는 생선을 저며서 싱싱함을 그대로 맛보는 고급 요리이다.  ‘모든 해산물을 맛볼 수 있는 진정한 여름 식도락’을 즐기고 싶은 분들이  회와 해산물요리를 한번에 맛볼 수 있는 진수성찬 전문점.  바다의 맛이 통째로 상에 오르는 곳이 ‘주식회사 어부’이다.,바다를 통째로 담은 해산물 요리 전문점,031-487-7586,"경기도 안산시 상록구 예술광장로 55, 1,2층 전체층 (성포동)","1층 테이블 112개, 2층 단독룸 5룸, 단체룸 5룸",전용,명절,횟집
에비수,건강과 삶의 질을 생각하는 사람들이 늘면서 일식을 즐기는 사람들이 많아져서 일식집 중에서도 맛있고  가성비 좋은 곳을 소개해달라는 이야기를 많이 듣는다. 그때 바로 떠오르는 일식집이  예술 초밥의 경지로 소문난 초밥과 일식 맛집인 ‘에비수’이다.  대학교 앞이라 학생들을 생각하여서인지 가성비 또한 갑인 곳이다.,섬세한 손맛으로 빚은 예술 초밥의 경지,031-502-3012,경기도 안산시 상록구 한양대학2길 34 1층,"룸 18석, 홀 60석",주변,명절,한식
풍물옹심이칼국수,"2014년 개업, 8년 차를 맞은 이곳은 맛도 뛰어나지만감자 가격이 천정부지로 올라도 서민들을 위한 음식이라고 가격을 올리지 않은손님을 배려하는 마음이 더 감동적인 맛집이다.",건강에 좋은 웰빙 감자옹심이,031-415-0505,경기도 안산시 상록구 삼리2길 19(사동),64,의류 할인매장,매주 월요일,한식
홍성마라미방,한국에는 현재 중국 쓰촨(四川) 요리인 마라탕(麻辣?) 열풍이 불고 있다.  특히 마라탕은 젊은층이 좋아하는 메뉴여서 주로 대학가 주변에 가면  쉽게 마라탕 전문점을 찾을 수 있다. 마라탕 열풍은 안산도 예외는 아니다.  많은 마라탕 전문점 중에서도 오픈 1년 만에 마라탕 맛집으로 등극한 마라탕전문점이 있다.  바로 홍성마라미방이 그곳이다.,한국식 마라탕 맛집,"031-520-2199, 2020",경기도 안산시 상록구 학사2길 1,좌석 52개 2층 52개,주변,명절 당일,중식
뉴욕바닷가재,바닷가재 요리를 맛보려면 예전에는 바닷가 근처로 가야했지만 이제는 도심 안으로 들어와 있는  바닷가재 전문점들이 많이 생겨서 언제어디서든 가능하다.  안산에도 미식가들이 즐겨 찾는 맛있는 정통 바닷가재 요리 전문점이 있다.  그곳은 이름도 신박한 ‘뉴욕바닷가재’이다.,바닷가재 요리의 모든 것,031-418-5273,경기도 안산시 상록구 석호공원로 77,40개,공영주차장,매주 월요일 정기,양식
오뚜기도삭면,‘김영철의 동네 한 바퀴’ 프로그램에 소개된 수제 도삭면 전문점인 오뚜기도삭면은  한국인들의 입맛에 더 근접한 맛을 내고 있어서 한국인들이 더 많이 찾는 한국인 입맛 식당이다.,수제 도삭면과 중화요리 맛집,031 495 3685,경기도 안산시 단원구 원곡로3길 16,원탁 3개 외부 72석,삼각지 공용주차장,없음,중식
황해도김치만두전골 칼국수,흉내는 낼 수 있어도 모방할 수 없는 맛의 노하우를 자부심으로갖고 있는 만큼 만두도 직접 만들고 국수도 반죽 후 직접 손으로 썬 손국수라어머니의 손맛을 느낄 수 있는 만두전골 맛집이다.,고향 황해도 어머니의 손맛,031-410-3555,경기도 안산시 상록구 안산천서로 165(월피동),92석,주변,매월 첫째 셋째 월요일,한식
금화식당엔꼬치(금화반점),"한국 온 지 22년, 중극 길림에서 태어나 언니 따라 한국에서 식당을 하고 있는  금화식당엔꼬치의 김금화 대표. 한국에 온 중국인들이 한국 음식이 입에 안 맞아 하는 걸 보고  고향 사람들이 고향 맛을 느낄 수 있도록 하기 위해 중국집을 차리게 됐다는데.  중국인 입맛에 맞는 음식은 한국인에게도 잘 어울렸다. 이것이 바로 금화식당엔꼬치의 성공 비결이다.",중국 본토의 맛을 재현하는 중국요리집,031 494 6399,경기도 안산시 단원구 원곡로 39,70석,외국인주민본부 공영주차장 .,명절,중식
코리안왕돈가스,지금은 외식이 흔하지만 예전만 해도 졸업식이나 아주 특별한 날이 아니면 외식은 상상도 하지 못했다.  그나마 짜장면이나 돈가스가 전부였다.  예전에 우리에게 행복한 추억을 안겨주었던 경양식집의 코스요리 돈가스를 맛볼 수 있는 곳.  바로 코리안왕돈가스이다.,생고기로 만든 엄지척 맛있는 왕돈가스,031-403-3228,경기도 안산시 단원구 와동공원로 106,좌석 40석,주변 도로,매달 첫째 셋째 화요일,양식
볼로냐식당,볼로냐 지역에서도 가장 유명한 라구소스와 생면 파스타를 맛볼 수 있는 이태리 음식점! 볼로냐식당은 안산의 핫플레이스인 문화광장이 시작되는 초입 첫 번째 골목 안쪽에 위치하여 찾아가기 쉽지 않다. 그러나 맛집으로 소문이 나서 이제는 점심시간이면 앉을 자리가 없을 정도로 인기 있는 생면 파스타 전문점이다.,이태리 볼로냐 파스타 전문점,0507-1309-4762,경기도 안산시 단원구 광덕4로 144 트윈타운A동 111호,15석 ㄷ자 다치(Bar) 테이블,주변,명절,양식
해가,"참치에서 소고기 맛이 나는 거 아시나요? 정말 좋은 참치여야만 그런 맛이 나요!! 소고기 맛이 나는 참치를 맛볼 수 있는 곳, 그곳이 바로 ‘해가'(구 참치앤사케)이다.",참치와 사케가 어우러지는 격조 높은 참치전문점,031-494-0413,경기도 안산시 단원구 신길로 13-9,42석,주변,일요일,일식
죽여주는 동치미국수,"바지락칼국수가 대세인 안산에서 ‘동치미국수’는 웬만큼 맛있지 않으면 식객들의 발길을 잡기 어렵다.  그러나 상호만큼이나 자신 있는, 시원함과 정갈함의 끝판왕이 된 죽여주는 동치미국수!  한때는 무더운 여름의 더위를 날려주는 메뉴였지만 지금의 죽여주는 동치미국수는  사계절 내내 인기를 끌며 마니아들의 입맛까지 사로잡고 있다. 그 비결은 무엇일까?~",쫄깃한 면발과 시원한 동치미의 절묘한 궁합,032-886-3343,경기도 안산시 단원구 대선로 343-3,80석,전용,매주 수요일,면집
왕할머니손칼국수,"대를 이은 젊은 여사장이 대표인 칼국수집은 역시 역동적이고 젊다.  식당 공간은 카페를 연상시키는 모던한 인테리어로 트렌디한 맛을 기대하게 하고,  칼국수를 주문하면 겸주로 와인을 내놓는다. 신박하다.  어울릴 것 같지 않은 조합이 더 트랜디하여 젊은 손님들 사이로 소문이 퍼지고 있다.  할머니-어머니-손녀로 이어지는 3대가 만들어내는 전통과 새로움의 즐거운 반란이 일어나는 곳,  ‘왕할머니손칼국수’이다.",3대가 빚어내는 칼국수의 무한 변신,032-888-8933,경기도 안산시 단원구 대선로 15,외부 40석 내부 120석,전용,매주 목요일,면집
메밀꽃 필 무렵,‘메밀꽃 필 무렵’하면 허생원이라는 사람의 삶을 통해 떠돌이 생활의 애환을 그려낸  이효석의 단편소설이 먼저 떠오른다. 그리고 가을이면 소금을 뿌려놓은 듯  아름다운 봉평 메밀밭을 생각하게 되는데 실제 봉평메밀밭을 갈 수 없다면  메밀음식전문점을 찾아 건강하고 맛있는 메밀음식을 맛보는 것으로 위안을 삼아보아야 할 것이다.,정성으로 빚은 따뜻한 메밀음식,031-403-0621,경기도 안산시 단원구 꽃우물1길 20,130석,전용,명절 당일,면집
로얄냉면,냉면과 칼국수 맛집의 필수 조건은 무엇일까? 육수가 맛있어야 한다?  맞다. 로얄냉면은 안산에서 가장 찐한 국수 마니아가 애정(愛情)하는 냉면과 칼국수 찐 맛집이다.,육수가 맛있는 냉면·칼국수 전문점,031-484-0005,경기도 안산시 단원구 원초로 34,68석,로얄상가 주차장,명절,면집
사계절참맛,"안산에서 맛있는 전라도 음식하면 너도나도 마다 않고 가리키는 찐 맛집이 있다.  웬만하면 제대로 손질하기도 어렵다는 민어며 병어를 듬성듬성 썰고 무쳐서  회로도 내고 탕으로도 한상 가득 맛나게 차려 나오는 곳. 목포 음식 전문점, 그곳은 바로 사계절참맛이다.",제철 생선요리를 제대로 맛볼 수 있는 곳,031-401-9123,경기도 안산시 단원구 광덕3로 145-5,"24석, 룸 12석",건물 지하주차장,명절,횟집
고산정장수추어탕,국내산 미꾸라지에 청정지역 청시래기를 넣고 상황버섯 육수로 끓인특별 보양식 추어탕으로 유명한 맛집. 돌솥밥 제공인데도가격 착하고 맛도 영양도 최상인 엄지 척 추어탕 맛집이다.,특별 보양식 추어탕으로 유명한 맛집,031-409-4560,경기도 안산시 상록구 용신로 136,"1, 2층 80석",주변,매주 월요일,한식
황토골 미꾸라지매운탕,"찬바람이 불면 불어오는 바람 따라 자연스레 발걸음을 옮겨야만 할 것 같은 추어탕 노포.  테이블도 몇 안 되고, 세월의 흔적이 그득하지만 그래서 더 마음 편히 엉덩이 붙이고  훌훌 입김 불어가며 한 그릇 뚝딱 비울 수 있는 구수한 추어탕 맛집.  진한 국물 맛이 일품인 황토골 미꾸라지매운탕을 소개한다.",진한 국물맛이 일품인 추어탕전문점,031-411-1127,경기도 안산시 단원구 화정천동로 240,의자식 36개,식당 뒷편,명절,한식
콩밭,"두부메밀전골, 두부만두전골, 두부 낙지전골, 두부보쌈, 두부김치볶음, 두부낙지볶음,  두부구이, 모두부, 두부김치뚝배기, 순두부청국장, 콩비지찌개, 콩국수 등등.  나열하기도 벅찬 이름에 콩이 빠지는 메뉴가 없다.  매일 직접 두부를 만드는 콩 요리 전문점, 그야말로 콩밭이다.",20년 역사의 전 메뉴 콩 요리 전문점,031-475-3434,경기도 안산시 단원구 화정동 쑥개길 7,100석,전용,명절,한식
오징어먹물,"한때 비싼 회를를 주문하면 서비스로 오징어회가 나왔었다.  그러나 최근에는 고급식당에 가야 맛볼 수 있는 값비싼 요리가 오징어요리이다.  그런 오징어 요리를 맛도 훌륭하고 가격도 저렴하게 맛 볼 수 있는 곳이 있다.  그것도 16년을 한 자리에서 손님들에게 만족감을 채워 주는 곳, 바로 법원 앞에 위치란 ‘오징어먹물’이다.",매콤달콤 칼칼한 오징어 요리의 진미(珍味),031-439-2378,경기도 안산시 단원구 고잔동 709-1 21세기빌딩 101호,층 의자식 12석 2층 좌식 28석,21세기빌딩 주차,일요일,한식
신강남동태찜,동태요리로 음식마니아들을 유혹하는 곳. 특히 점심시간이면 북새통이다.  기다리는 사람들 때문에 식사가 끝나기 무섭게 자리를 비워야 한다.  식사를 마친 후에도 부드러운 동태살과 시원하고 칼칼한 국물 맛이 입안 가득 남아 있어  다시 입맛을 다시게 되는 생선찜·탕 맛집으로 소문난 이곳은  상호 앞자리에 ‘매울 신’ 자를 쓰는 ‘신강남동태찜’이다.,안산 동태찜의 신흥강자,031-403-5444,경기도 안산시 단원구 라성안길 17 베스트플라자 1층,72석,라성호텔 옆 주변,명절,한식
수지 동태탕,"동태탕은 많은 사람들이 선호하는 메뉴다.  국물이 담백하고 시원하며 비린내가 거의 없고 단백질, 비타민 B2, 인 등이 함유되어 있어  감기몸살에도 효과가 있고 간을 보호하는 메치오닌, 나이아신 등과 같은 필수아미노산이 풍부하여  숙취에도 좋기 때문이다. 전날 회식이 있었다면 다음날 꼭 찾는 1번지로 불리는 곳이 바로 수지 동태탕이다.","찜, 전골, 조림 다양한 동태요리 전문점",031-482-3307,경기도 안산시 단원구 선부광장로 77,100석(단체 30명 방/ 8명 방 4개),공영주차장,"설, 추석 당일",한식
서울깍두기,명품을 추구하는 역대 대통령 세 분이 다녀간 서울깍두기는30년 역사를 가진 대를 이어 운영하는 곳으로 중소벤처기업부의백년가게로 선정될 만큼 소문난 맛집이다.,"김영삼, 김대중, 이명박 전 대통령이 방문한 맛집",T.031-487-3346,"경기도 안산시 단원구 광덕서로 56 금강프라자 109,110호","1, 2층 54석(의자+ 좌식)",주변,명절,한식
솥뚜껑 삼겹살,"삼겹살은 국민 메뉴인만큼 웬만큼 맛있지 않으면 무한경쟁의 열풍에서 생존하기 어렵다.  그래서 바비큐 삼겹살, 대나무통 숙성 삼겹살 등 더 기발한 요리법으로 무한변신하고 있다.  안산에서도 삼겹살에 변화를 주어 대박 히트를 쳤고 지금도 그 명성을 이어가는 삼겹살 맛집이 있다.  마루 솥뚜껑 와인삼겹살이다. 최근 상호명을 심플하게 ‘솥뚜껑 삼겹살’로 줄였다.",안산의 소문난 대박 삼겹살 전문점,031 480 3010,경기도 안산시 단원구 광덕대로 145번지,140석,건물 지하,명절,한식
별망시래기,시래기를 넣어 건강하고 깔끔하고 시원한 맛을 내는 시래기감자탕 전문점 별망시래기!~  올해 예순인 여사장님의 시래기 사랑은 유별나다. 전국에서 맛있다는 시래기 맛집은  다 다녀보고 맛있는 맛을 내기위해 1년여 시간을 들여 탄생한 별망시래기의 요리는 정성 그 이상이다.,차원이 다른 시래기감자탕,031-414-3352,경기도 안산시 단원구 광덕1로 64,120석,주변,명절,한식
매콤코다리조림,조림은 양념만 맛있으면 생선 특유의 감칠맛과 생선살맛이 어우러져  손님들의 입맛을 잡기에 안성맞춤인 요리다. 하지만 명태조림은 건조된 생선이므로  간이 배어들기 어려워서 맛을 내기가 쉽지 않다.  그런대도 맛있는 ‘명태조림’으로 손님들의 사랑을 독차지하고 있는 맛집이 있다.,"안산시민들의 힐링푸드, 명태조림",031-482-8886,경기도 안산시 단원구 광덕3로 39,72석,주변,매주 토요일,한식
단원가 남원추어탕,기력이 딸리거나 으슬으슬 몸살기가 나타나면 추어탕(鰍魚湯) 한 그릇이면  언제 그랬냐는 듯 원기가 회복될 것이다. 몸이 안 좋을 때 몸이 피곤할 때  선부동 광장 근처 한도병원 별관 건물 1층에서 9년째(2012년 6월 개업) 추어탕을 하는  단원가 남원추어탕을 들러보자.,전통 남원식 추어탕의 별미,031-403-5052,경기도 안산시 단원구 선부광장1로 182,60석,지하 및 공영주차장,일요일,한식
김서방 명태이야기,"‘김서방 명태이야기’의 매콤명태조림을 맛본 사람들의 한결 같은 칭찬은  우리에게 매우 익숙한 어머니 손맛 같고, 늘 먹어서 익숙한 입에 착착 붙는 그 맛을  너무나 잘 재현하고 있다는 것이다. 사장님의 맛에 대한 고집과 철학이  우리들 입가에 침이 고이게 만드는 명품 코다리 조림이야기를 들어보자!",마니아들의 입소문난 선부동 명태 맛집,031-481-9191,경기도 안산시 단원구 선부광장1로,70개,건물 지하주차장,명절,한식
양궁설악추어탕,"같은 자리에서 16년! 100% 미꾸라지 사용! 이것만으로도 맛집이다.맛집의 조건은 맛은 기본이고 청결, 친절, 정직 그리고 정성인데양궁설악추어탕은 이 모든 것을 갖춘 곳이다.경기 안산시 상록구 충장로 657(월피동) T. 031-414-4546 / 50석 / 휴무 명절 / 주차 공영주차장, 체육관 주차장돌솥추어탕 10,000원 / 돌솥통추어탕 12,000 / 돌솥수제비 11,000 / 돌솥돈까스 10,000",같은 자리에서 16년! 100% 미꾸라지 사용!,031-414-4546,경기도 안산시 상록구 충장로 657(월피동),50석,"공영주차장, 체육관 주차장",명절,한식
가마솥개성흑염소탕,"영양탕, 닭백숙, 오리탕, 용봉탕… 사람마다 자신의 기호에 따라 각자 보양식을 즐기겠지만  무엇보다 우리 몸의 오장 육부를 보하고 기운을 북돋아주는 최고의 보양식으로  흑염소탕만 한 것도 없을 것이다. 안산의 보양식 맛집으로 널리 알려진 ‘가마솥개성흑염소탕’은  우리네 재래식 토속음식 조리법으로 맛을 낸 전통 음식점이다.",맛좋고 건강에도 좋은 보양식,031-484-8008,경기도 안산시 단원구 광덕동로 67,룸+홀 140석,사또주차타워,명절,한식
구이명가 국민갈비(사동본점),"구이명가 국민갈비는 소고기, 돼지고기 구이전문점으로  최상등급의 고기를 싸고 맛있게 드실 수 있는 가성비 맛집입니다. 고기와 함께 드실 수 있는 다양한 쌈채소가 있고  서비스로 드리는 해물전골의 시원함이 고기와 소주의 최고의 궁합을 자랑합니다. 아울러 친절한 서비스로 고객만족도가 높아  어떤 분을 모시고 오더라도 마음이 편안한 곳입니다.",최상등급의 고기를 싸고 맛있게 드실 수 있는 가성비 맛집,031-416-3070,경기도 안산시 상록구 항가울로 70 1층 (사동),,,,한식
경성진갈비 안산점,저희 경성진갈비는 식재료의 품질을 제일 먼저 생각합니다. 늘 엄선된 식재료로 고객 여러분께 합리적인 가격에  즐거운 식사시간이 될 수 있게 준비하겠습니다. 한번 오신 분들은 잊지 않고 다시 찾아 주심에 감사드립니다. 언제나 찾아주시는 모든 분들께 최고의 서비스와 맛으로 대접하겠습니다.,엄선된 식재료로 고객 여러분께 합리적인 가격,031-410-6229,경기도 안산시 단원구 초지2로 59 (초지동 영화빌딩 2층),,,,한식
조선갈비 (안산선부점),"워터에이징 숙성 갈비와 냉면이 맛있는 집, 조선갈비 전통갈비장인과 냉면장인이 귀한 재료만을 사용해  맛의 깊이를 더욱 더 끌어올렸습니다.  * 어린이 놀이방 이용 가능",워터에이징 숙성 최상급 소고기 맛집,031-483-2020,경기도 안산시 단원구 선부광장로 77 (선부동 늘봄스위트빌2 201호 일부),,,,한식
광양참숯불구이,안산에서만 28년간 가장 맛있는 광양 한우그것도 특등급만 취급하는 고급 한우 맛집. 광양이 고향인 사장님의고향에 대한 애향심과 함께 맛도 품질도 최고인 광양 한우를 맛볼 수 있다.,90%가 단골이고 90%가 예약인 곳,031-419-9233,경기도 안산시 단원구 광덕동로 101 2층(고잔동),100석(룸7),공영주차장,명절,한식
경복궁삼계탕안산점,30년 간 내려온 경북궁 삼계탕만의 비법으로 한 가지 메뉴만 고집하여 만들어 낸 차별화된 진한 국물과 신선한 오이와 고추 그리고 직접 담근 깍두기와 고추장의 환상적인 궁합의 궁극적인 맛을 경험해 보십시오! 좋은 재료와 위생은 요리의 기본이고 맛과 서비스는 고객에 대한 신뢰라고 생각하며 내 아이가 먹는다고 생각하고 만들겠습니다.,,031-475-3988,경기도 안산시 단원구 광덕1로 163 101-104호 (동남레이크빌Ⅱ ),,,,한식
김앤김 - 돈가스,김앤김 - 돈가스대부도 맛집 하면 대부분 바지락칼국수인데 돈가스라?의아할 수 있지만 대기자 명단에 이름을 적고 기다리거나 더 늦으면 재료 소진으로발길을 돌려야 할 만큼 유명한 돈가스 맛집이다.,모든 메뉴가 이벤트인 돈가스 맛집,0507-1435-6589,경기도 안산시 단원구 대선로 384(대부북동),40석,전용,매주 수요일,한식
엉클짱왕해물찜,손님이 왕이다! 안녕하세요! 이번에 새로 개업한 엉클짱 왕해물찜탕 입니다. 선부동에서 이미 맛으로 유명한 엉클짱이 초지동에 2호점을 개업했답니다. 똑같은 맛과 더 좋은 서비스로 보답하겠습니다. 감사합니다.,선부동에서 이미 맛으로 유명한 엉클짱의 초지동 2호점,031-486-9388,경기도 안산시 단원구 초지동로 45 (초지동 2층 201 202 203호),,,,한식
신경화굴바다보쌈삼합,사장님 이름을 내 건 굴과 바다 보쌈 전문점.시내에서 벗어난 부곡동 한적한 곳에 위치한데도 단골들의 발길이 이어지며‘다른 곳은 안되어도 이집만은 잘된다’는 이야기를 듣는 곳이다.,"단골들이 주로 찾는 인기 맛집, 그 비결은 최상의 좋은 재료",031-419-8882,경기도 안산시 상록구 정재로 3(부곡동),"좌식 40석, 의자식 60석",주변,연중 무휴,한식
낙지촌,낙지전문점 낙지촌은 대부도 아일랜드CC에서 500M거리 아일랜드CC 정문에서 좌회전하시면  차량으로 5분 이내 거리에 위치하고 있습니다.,,032-880-1700,경기도 안산시 단원구 대선로 13 1층 (대부북동),,,,한식
콩밭 (안산점),"부드럽고 담백한 건강음식, 두부요리 전문점","부드럽고 담백한 건강음식, 두부요리 전문점",031-475-3434,경기도 안산시 단원구 쑥개길 7 (화정동 315-9 1층),,,,한식
화랑갈비,정원이 아름답고 갈비가 맛있는 갈비 전문점,갈비 전문점,031-410-7292,경기도 안산시 단원구 쑥개길 23 (화정동 319-6 ),,,,한식
연길왕꼬치,KBS V특공대 소문난 맛집 출연으로 이미 유명세를 치른 곳이다.연길진달래냉면 식당도 함께 운영하고 있어서 양꼬치와 중화요리를 모두 맛볼 수 있다.100석이 넘는 자리가 늘 만석이다.,가장 맛있는 6개월 된 양고기를 24시간 숙성한 양고기 전문점,031-494-6188,경기도 안산시 단원구 원본로1길 10-1(원곡동),"룸 4개 40석, 홀 72석",주변 및 공영주차장,"매주 2, 4 화요일",중식
대강더덕촌(월피동),강산이 3번 바뀐 역사만으로도 맛집 증명인 이곳은 어머니 손맛을 이어 젊은 사장님이 합세하여퓨전 더덕구이 한정식으로 더 많이 알려져 있다. 더덕은 손이 많이 가는 요리인데도 더덕구이전문점으로 경쟁력을 갖춘 이곳은 더덕의 잔뿌리로 청을 만들어 양념으로 사용하고 유자청을사용하는 등 또 다른 경쟁력은 화학조미료를 전혀 사용하지 않는다는 것이다. 먹고 나면 건강을위한 보약을 먹은 듯 힘이 솟는다.,30년 역사 더덕 구이 전문점!,031-409-3738,경기도 안산시 상록구 안산천서로 193 (월피동),56,주변,"매주 일요일, 명절",한식
제주삼육돈 (고잔점),신개념 돼지고기를 맛볼 수 있는 제주삼육돈 고잔점.대한민국 1% 제주돼지를 내고 있다는 젊은 대표의 자부심으로 인해기대되는 맛집인데 실제 맛을 보면 기대 그 이상이다.,먹는 방법도 재미있는 스토리텔링 맛집,031-403-3633,경기도 안산시 단원구 광덕2로 155-16(고잔동),88석,주변,연중 무휴,한식
와참치,"혼마구로 숙성참치 전문점 최상급의 혼마구로와 정성으로 준비한 다양한 요리로  인생 최고의 참다랑어 전문점이 되도록 최선을 다하겠습니다. 세련되고 넓은 아늑한 룸에서 사랑하는 분들,  지인들과 소중한 맛의 향연을 즐기세요!",혼마구로 숙성참치 전문점,031-410-3977,경기도 안산시 단원구 광덕대로 168 (고잔동 신화타운 117 118 119호),,,,일식
월수금통돼지 시청점,"안산시청 근처에 위치해 있으며 토요일, 일요일 가족 단위 모임이 필요하신 분들께서는  미리 전화 주시면 조용한 분위기에서 타인 방해 없이 오붓하게 저녁을 즐길 수 있습니다.",조용한 분위기 타인 방해 없이 오붓한 식사,031-410-7770,경기도 안산시 단원구 광덕대로 263 (브레스빌 111호),40석,지하주차장,"매달 첫째 주 일요일, 마지막 주 일요일",한식
제주삼육돈 (상록수 본점),제주여행 중에 맛본 흑돼지 맛을 잊지 못해 제주도까지 가지 않고도먹을 수 있는 제주돼지 맛집을 오픈하여10년 째 운영 중인 신개념 돼지고기 맛집이다.,잊지 못할 아이디어와 이벤트 고기 맛집,031-408-3633,경기도 안산시 상록구 각골로 74(본오동),88석,주변,연중 무휴,한식
남도목포맛집,목포 맛집이라는 상호에 대한 자부심과 긍지가 대단한 사장님은 목포라는 지명의 명예를생각하며 음식을 만든다고 하니 기대해도 되는 100% 신뢰 목포 맛집이다. 맛의 깊이가 남다른남도 목포의 맛을 통해 고향에 대한 향수를 느낄 수 있어서 주로 남도가 고향인 단골들이 많이찾지만 처음 오는 손님은 있어도 한 번만 온 손님은 없단다.,오리지널 목포 음식!,031-418-2728,경기도 안산시 상록구 선진4길 39 (사동),30석,주변,연중무휴,한식
홍록기파티하우스,"돌잔치, 가족 모임, 파티, 단체모임 등을 위한 최고의 장소라 자부합니다. 다양한 성격의 모임을 위한 테마가 있는 홀과 룸이 준비되어 있으며, 특히 아이들을 위한 전용룸과 키즈까페 등의 시설을 완비하였습니다. 고급스럽고 깔끔한 120여 가지의 전문 뷔페음식과 함께 소중한 한때가 더욱 빛날 것입니다. 고객을 위한 이벤트도 상시 준비하고 있으니 놓치지 마시기 바랍니다.",,,,,,,한식
광양참숯불구이,한우 최고등급인 1++급만을 사용합니다. 강원도 치악산 참숯과 한국 전통 놋쇠화로와 구리석쇠로 참숯에서 직접 구워 한우의 참맛을 선사합니다.,,031-419-9233,"경기도 안산시 단원구 광덕동로 101, 206호 (고잔동)","100평, 120석",30대,AM 11:00 ~ PM 10:30,한식
궁중삼계탕,우리나라에서 가장 오래된 40년 전통의 삼계탕전문점입니다.(등록 8132호) 특히 전체 메뉴에 산삼배양근을 첨가하여 귀한 산삼삼계탕을 드실 수 있습니다. 오랜 전통만큼 꾸준히 이어온 맛과 서비스로 모시겠습니다.,,031-502-9090,"경기도 안산시 상록구 석호공원로 69, 101호 (사동)","300㎡, 150석",50대 (점포 앞 무료공영주차장),,한식
상록한정식,"음식 하나하나마다 최고의 손맛을 자랑하는 ‘상록한정식’입니다. 천연감미료로 양념하고, 한상 한상마다 정성을 다하여 맛은 물론이고 건강까지 생각합니다. 고급스러운 전통 인테리어와 소품들, 솔향기가 가득한 야외 조경이 즐거움을 더합니다. “음식맛이 참 좋은 집”, “마음이 참 편안한 집”이 되도록 항상 노력합니다.",,031-500-4455,경기도 안산시 상록구 해안로 705 (사동),140평,주차 완비,"AM 11:30 ~ PM 10:00, 명절 휴무",한식
해미청,해미청은 안산에서 아귀찜과 해물찜이 가장 맛있는 음식점이다. 아귀찜은 재료의 신선함과 요리사 손맛이 더해져 쫄깃하고 매콤하고 감칠맛 나는 건강한 요리이다. 해미청은 어머니의 뒤를 이어 젊은 아들이 전통의 아귀찜 맛을 그대로 재현해내고 있는 식도락가들이 인정하는 아귀찜 전문점이다,아구찜 맛집,031-438-7789,경기도 안산시 상록구 각골로 47,"좌석 100석, 룸 40석",주차장 완비,명절,한식
우사미(초지동),양이 많고 재료를 아끼지 않아 ‘우리 사장님이 미쳤어요’의 줄임말을 상호로 사용할 만큼 맛과가격 모두 가성비 갑인 곳. 이곳은 소·돼지고기는 물론 요리와 식사를 다양하게 즐길 수 있는데그것은 사장님의 개발 요리 덕분이다. 대표 개발 메뉴는 이름만 들어도 불끈 힘이 솟는 맛과영양 모두를 갖춘 소고기 보신탕이다. 사장님의 끊임없는 개발로 인해 이곳의 메뉴는 가짓수가매우 많지만 무엇을 선택해도 탁월하다. 고기는 72시간 저온으로 숙성하여 부드럽고 육즙이가득하다. 양 또한 푸짐하여 3명이 가면 2인분만 시켜도 된다. 부족하면 더 주문하라는 곳.야채와 버섯을 추가해도 돈을 받지 않으니 ‘우사미’ 증명이다.,‘우리 사장님이 미쳤어요’의 줄임 ‘우사미’!,031-405-5857,"경기도 안산시 단원구 원포공원1로 67 (초지동, 비전타운)",104석,"지하, 공영",매주 일요일,한식
양양입암리막국수,강원도 양양에 있는 유명한 양양입암리막국수의 유일한 체인점으로한적한 곳에 위치하는데도 점심에는 200~300명 분 막국수를 내는 만큼줄 서 기다려야 하는 인생 맛집이다.,양양까지 가지 않아도 맛볼 수 있는 유명한 입암리막국수,031-502-6590,경기도 안산시 상록구 성호로 210(부곡동),"40석매주 월요일, 명절 주변",주변,"매주 월요일, 명절",한식
여울쌈밥,앞마당의 텃밭에서 야채를 직접 재배하여 요리합니다. 각종 다양한 야채들을 친환경으로 정성껏 재배하였기 때문에 진정한 웰빙요리라 자부합니다. 쌈야채 외에 각종 요리에 들어가는 재료들도 엄선하여 정성껏 준비합니다.,,031-316-3838,경기도 안산시 단원구 꽃우물1길 16-5 (화정동),"50㎡, 22석",주차 완비,"AM 11:00 ~ PM 11:00, 연중무휴",한식
오양순추어탕,"오양순추어탕은 기존의 추어탕에 우렁이가 들어간 특별한 추어탕입니다. 우렁이는 특유의 쫄깃한 식감뿐만 아니라 보양에도 매우 좋은 음식입니다. 미꾸라지와 우렁이의 결합을 통한 특별하고 맛있는 보양식입니다. 또한 고추와 미꾸라지를 결합한 고추추어튀김, 인삼튀김 등 새로운 추어의 맛을 느낄실 수 있습니다. 많이 찾아주세요.",,031-401-1778,경기도 안산시 상록구 안산천동로 256 1층(월피동),149.24 ㎡,가능,07:30~10:00,한식
33호할머니칼국수,"바지락칼국수, 해물파전",,032-886-9908,경기도 안산시 단원구 대부황금로 1280 (대부북동),,,,면집
고잔숯불갈비,"10년 전통의 안산 최고의 생고기 전문점입니다. 각종모임, 회식, 개별 연회석울 위한 룸이 완비되어 있으며(2층 40인석, 20인석) 청결한 위생과 만족스러운 서비스로 손님을 맞이하겠습니다.",,031-403-9991,"경기도 안산시 단원구 광덕4로 102, 121호 (고잔동)","65평, 100석",주차 완비,AM 10:00 ~ PM 11:30,한식
광양참숯불구이,한우 최고등급인 1++급만을 사용합니다. 강원도 치악산 참숯과 한국 전통 놋쇠화로와 구리석쇠로 참숯에서 직접 구워 한우의 참맛을 선사합니다.,,031-419-9233,"경기도 안산시 단원구 광덕동로 101, 206호 (고잔동)","100평, 120석",30대,AM 11:00 ~ PM 10:30,한식
장화로참숯불갈비(사동),가장 정직한 입맛이 남녀노소 조합인 가족 단위라는데 이곳은 가족들이 많이 찾는 곳이니 맛집인증이다. 육가공 전문가 사장님이 운영하는 이곳은 최상품의 고기만 사용하여 맛은 최상이다.밑반찬도 정갈하지만 간장게장의 맛은 따로 주문하고 싶을 만큼 독보적이고 고깃집에서 빼놓을수 없는 된장찌개 또한 맛있다. 면을 직접 뽑고 육수도 직접 끓여 진한 육수 또한 압권인 냉면맛집이기도 하다. 너무 달지도 짜지도 않은 양념 돼지갈비를 구워 냉면과 함께 먹으면 세상부러울 것이 없다. 주택가에 위치하는데도 손님들의 발길이 줄을 잇는다.,돼지갈비와 냉면 맛집!,031-504-9920,경기도 안산시 상록구 장화로 21 (사동),60,주변,"첫째 셋째 월요일, 명절",한식
고향순대감자탕,"15년 역사의 맛집으로 언제나 정성을 다하고 있습니다. 모든 음식은 주인이 직접 가공하고, 매일 신선한 순대로만 요리합니다. 진안 마이산 청정지역에서 생산된 우거지와, 조선시대 요리서인 음식디미방, 규합총서, 시의전서에 수록된 순대를 직접 만들어 제공합니다.",,031-406-0166,경기도 안산시 상록구 선진4길 35 (사동),,주차 완비,,한식
구곡산장,자연이 함께하는 아늑한 댕이골에 위치한 오리돌구이 전문점입니다. 신선한 오리를 엄선하여 매일 제공하고 있으며 오리로스를 위해 특별하게 제작된 돌구이판은 오리구이의 맛을 한층 돋우어 줍니다. 언제나 신선하고 맛있는 음식을 준비하고 최고의 서비스를 위해 노력합니다.,,031-419-5292,경기도 안산시 상록구 댕이길 12 (사동),64석,주차 완비,,한식
궁중삼계탕,우리나라에서 가장 오래된 40년 전통의 삼계탕전문점입니다.(등록 8132호) 특히 전체 메뉴에 산삼배양근을 첨가하여 귀한 산삼삼계탕을 드실 수 있습니다. 오랜 전통만큼 꾸준히 이어온 맛과 서비스로 모시겠습니다.,,031-502-9090,"경기도 안산시 상록구 석호공원로 69, 101호 (사동)","300㎡, 150석",50대 (점포 앞 무료공영주차장),,한식
김흥관힘센낙지 (빨간낙지마당),"남성에게는 스테미너, 여성에게는 피부미용에 탁월한 효능을 지닌 낙지요리 전문점입니다. 신선하고 생생한 재료만을 엄선하여 정성을 다해 요리하며,  넓은 공간에서 편안하게 식사를 즐기실 수 있습니다.",,031-410-3660,경기도 안산시 상록구 안산천동로2길 1 (월피동),,주차 완비,AM 10:30 ~ PM 10:30,한식
眞장어탕·구이,"모든 메뉴를 자체 개발하여 그 맛과 영양을 두루 인정받았습니다. 장어코스요리로 제7회 안산시 맛자랑대회에서 동상을, 제8회에서는 대상을 수상하였으며, 2008년 서울국제음식박람회 전국음식대전에서 농림수산식품부장관상을 수상하고 인증받았습니다. 앞으로도 더 좋은 음식을 연구, 개발하고 고객만족을 우선으로 노력하겠습니다.",,031-483-5482,경기도 안산시 상록구 시낭북로3길 1 (부곡동),120석,주차 완비,AM 11:00 ~ PM 11:00,한식
니뽕내뽕(안산중앙점),"다양한 퓨전 짬뽕이 있는 니뽕내뽕 안산중앙점입니다!  ""니뽕내뽕""은 전세계의 사람들이 즐겨먹는 면요리를 퓨전화한 브랜드입니다. 우리에게 피자나 스파게티는 더이상 낯선 음식이 아닌 것처럼 음식문화는 국적을 불문하고 넘어다니고 섞이면서 원래 모양이나 이름까지 변합니다. 짬뽕도 마찬가지입니다. 중국음식인 ""초마면""이 일본에서 ""참퐁""으로 이름이 바뀌었다가 우리나라에 들어오면서 ""짬뽕""이 된 것입니다.""니뽕내뽕""은 너랑나랑 먹는 짬뽕이라는 뜻입니다. 전세계 모든 사라들이 즐길 수 있는 면 요리를 짬뽕과 각 나라의 특색있는 면의 조화로 세계적인 면요리 브랜드를 세계 시장 속에 확산시킬 계획입니다.",,031-475-4555,"경기도 안산시 단원구 고잔로 102, 201호 (고잔동)",,,Open AM 11:30 / Break Time PM 03:30 ~ 04:30 / Last Order PM 09:30,중식
개성손만두요리전문점,"개성손만두를 찾아주셔서 감사드립니다. 매일 매일 신선한 재료와 정성껏 손으로 직접 빚어 고객님께 제공하고 있습니다. 맛은 물론 건강에도 좋은 영양만점의 손만두, 손만두전골입니다. 많이 찾아주십시오.",,031-475-8999,"경기도 안산시 상록구 예술광장1로 52, 108호 (월피동)",199.12㎡,가능,오전 11시 ~ 오후 10시,한식
교동중화반점,"전통 중화요리 손짜장 전문 자금성입니다.  중국요리명인으로 알려진 대표의 손맛, 직접 뽑은 면발, 신선한 재료 등  고객의 입맛과 건강을 위해 항상 노력하고 있습니다.",,031-487-5002,경기도 안산시 단원구 화정천동로8길 6 (와동),180평,15대 주차가능,AM 10:30 ~ PM 9:30,중식
대부맛집 청미,직접 재배한 싱싱한 유기농 농산물로 만든 건강한 밥상으로 모십니다. 짜지않고 비리지 않은 청미의 간장게장은 이미 많은 분들이 인정해주신 별미입니다. 바지락고추장찌개와 뚝배기는 30년 한식만을 고집한 청미의 손맛으로 깔끔하고 깊은 밥맛을 선사합니다.,,032-887-1108,경기도 안산시 단원구 대선로 36 (대부북동),90석,20대 가능,AM 9:00 ~ PM 9:00,한식
홍어한상(고잔동),홍어한상은 입구 출입문에서부터 반전이다. 고급 레스토랑인가 싶어 상호를 다시 확인하고들어서면 고급스럽고 심플한 실내 분위기에 저절로 옷매무새를 매만지게 된다. 품격을갖춰야만 할 것 같기 때문이다. 다른 반전은 홍어음식점은 주로 나이 드신 분들이 경영하는곳이 많은데 이곳은 20대 젊은 사장님이 반긴다. 건강과 맛이라는 홍어 매력에 빠져 어머니와함께 홍어전문점을 차렸단다. 홍어에만 집중하는 음식점인 만큼 한상차림 코스를 주문하면홍어특수부위+홍어삼합+홍어찜+홍어무침+홍어전+홍어탕 등 홍어의 모두를 제대로 맛볼 수있다. 홍어를 요리로 그것도 고급스럽게 탄생시킨 신개념 홍어요리 전문점이다.,차별화된 홍어 코스요리 전문점!,031-410-9131,"경기도 안산시 단원구 광덕3로 145-5, 2층 (고잔동)",56석(룸 포함),"지하, 공영","매주 일, 월",횟집
김가네낙지전문점,"저희 김가네 낙지전문점은 경기도 안산시 단원구 고잔동에 위치하고 있는 낙지전문점입니다. 낙지는 지방이 거의 없고 타우린과 무기질, 아미노산이 듬뿍 들어있어 조혈강장 작용을 하고 원기를 돋우는 역할을 하여 남녀노소 모두에게 좋은 재료입니다.  저희 김가네 낙지전문점은 건강한 음식문화를 조성하기 위해 신선한 재료만을 사용하고 있으며 고객 여러분께서 믿고 드실 수 있는 음식을 제공하기 위해 노력하고 있습니다. 김가네 낙지전문점에 오셔서 영양만점인 낙지요리 드시고 든든한 하루를 보내시길 바랍니다.  많은 이용바랍니다. 감사합니다.",,031-402-0552,"경기도 안산시 단원구 당곡로 33, 125~126호 (고잔동, 프라움시티)",183.02㎡,가능,10:00~22:00,한식
33호 할머니칼국수,"안녕하세요. 대부도에 위치한 33호 할머니칼국수입니다. 대부도의 맛, 바지락칼국수의 참 맛을 느낄 수 있습니다. 찾아주시면 정성껏 모시겠습니다.",,032-886-9908,"경기도 안산시 단원구 대부황금로 1297, 1층 (대부북동)",,가능,매일 09:00 - 21:00,면집
AW웨딩컨벤션,"AW컨벤션은 건축 설계에서부터 인테리어, 플라워 데코레이션까지 세계 무대에서 활동한 디자이너들에 의해 완성되었습니다. 20년 넘게 대한민국의 웨딩 문화를 이끌어온 경영진이 뉴욕의 감성을 접목하여 만들어낸 명문가 웨딩의 명소 AW컨벤션으로 여러분을 초대합니다. AW컨벤션은 각 공간의 배치에서부터 소품에 이르기까지 뉴욕 Mitchell Giurgola Architect 출신 디자이너의 손길이 닿아 있습니다. 라운지와 각 층 로비에 걸린 조명 하나까지도 AW컨벤션만을 위해 제작된 작품들로 디스플레이 되어 있습니다.",,031-501-5900,"경기도 안산시 단원구 광덕1로 171, 3~5층 (고잔동,AW웨딩컨벤션)","18,149㎡(5,500평)","700~1,000대",,한식
낙원타코 안산중앙점,"전통 멕시코음식을 한국식으로 새롭게 해석하여 탄생한 파히타, 타코, 퀘사디아, 부리또15가지의 소스로 모두의 입맛을 사로잡을 낙원타코만의 멕시코 음식입니다",,031-401-0725,경기도 안산시 단원구 고잔2길 45,,,,양식
황소불화로구이,고기를 좋아해서 고깃집을 운영하게 되었다는 여 사장님은본인이 좋아하는 메뉴인 만큼 손님과 본인의 건강을 생각해 원가는 높지만참숯을 사용하고 고기도 가장 품질 좋은 고기를 낸단다.,,031-402-0920,경기도 안산시 단원구 광덕동로 101(고잔동),100석,공영주차장,연중무휴,한식
단야 중화요리,"단야는 정통중화요리 전문점입니다. 매일 신선한 고급 재료를 준비하여 손님을 맞이하고 있습니다. 특히 탕수육, 양장피, 팔보채 유린기 등 한국인이 좋아하는 메뉴가 맛있고 유명합니다. 각종 모임을 할 수 있는 단체석이 마련되어 있고 바로 앞 공원이 있어 가족들이 찾기에도 적합한 곳입니다.",,031-414-0064,경기도 안산시 상록구 예술광장로 19 성포타운 1층 105호~107호,45평,가능,,중식
구이명가 국민갈비,"구이명가 국민갈비는 소고기,돼지고기 구이전문점으로 최상등급의 고기를 싸고 맛있게 드실수있는 가성비맛집 입니다. 고기와함께 드실수있는 다양한 쌈채소 가 있고 서비스로 드리는 해물전골의 시원함이 고기와 소주의 최고의궁합을 자랑합니다. 아울러 친절한 서비스로 고객만족도가 높아 어떤분을 모시고 오더라도 마음이 편안한집입니다..",,031-416-3070,경기도 안산시 상록구 항가울로 70,단체 가능,가능,,한식
경복궁삼계탕 안산점,좋은재료와 위생은 요리의 기본이고 맛과 서비스는 고객에 대한 신뢰입니다,,031-475-3988,경기도 안산시 단원구 광덕1로 163,"165.24㎡, 150석",지하주차,,한식
동원횟집,"세계최대 조력발전소가 있는 시화호의 대표 회, 조개구이 음식점 동원횟집입니다. 관광버스도 들어갈 수 있는 넓은 주차장 완비되어 있습니다. 회, 조개구이, 바지락 칼국수, 영양굴밥, 주꾸미, 계절 별미 전어, 대하 등을 저렴한 가격에 맛보실 수 있습니다.",,031-881-8811,"경기도 안산시 단원구 대부황금로 1497, 209호 (대부북동)",,주차 완비,"AM 10:00 ~ AM 12:00, 연중무휴",횟집
마루야끼,마루야끼는 통으로 구워먹는 음식을 말합니다.  대나무통을 반으로 쪼개어 그 속에 얼리지 않고 양념도 하지 않은 고기가 상 위에 올라와  썰어먹는 재미가 있는 곳입니다.  화이트(적포도주)에 하루를 숙성시킨 통삼겹살 역시 도마에 썰어 구워먹습니다.  마루야끼는 천장이 넓고 실내가 환하며 깔끔합니다.,,031-480-3010,"경기도 안산시 단원구 광덕대로 145, 205호 (고잔동)","220㎡, 160석",200대,,한식
마포네숯불갈비,"엄격하게 선별하고 정성껏 요리합니다. 저렴하면서도 푸짐하게 최고 육질의 갈비살과 신선한 야채, 밑반찬을 드실 수 있습니다. 무엇보다 넓은 실내공간과 주차공간, 그리고 아이들을 위한 놀이시설도 마련되어 있습니다. 오시는 모든 분들이 편안하고 즐거운 시간을 가지시도록 항상 노력합니다.",,031-405-9282,경기도 안산시 단원구 와동공원로 142 (와동),"50평, 100석",주차완비,AM 11:00 ~ AM 3:00,한식
먹쇠장어,저희 업소는 국내산 민물장어를 전문하고 가격은 안산 또는 시흥에서 제일 저렴하게 판매하고 있습니다. 깨끗한 맛과 정성을 다해 모시겠습니다.,,031-485-5289,"경기도 안산시 단원구 꽃우물길 12 (화정동, 431 1층)","90평, 200석",주차 완비,오전 10:00~오후 10:00,한식
뜨락,"정갈하고 깔끔한 반찬 10여 가지가 돌솥밥과 함께 나와 누구나 부담없이 즐길 수 있습니다. 향이 강하지 않으면서 부드러운 맛을 느낄 수 있는 청국장과 깔끔한 맛을 내는 된장이  일품이며, 기름진 밥과 구수한 누룽지를 맛볼 수 있는 돌솥밥은 뜨락의 자랑입니다. 가족, 직장 등 각종 행사와 모임에 충분한 120여 석의 넓은 공간에서, 고객 한분 한분을 위한 친절하고 정성이 깃든 서비스로 모시겠습니다.",,031-418-2082,경기도 안산시 상록구 송호1길 69 (이동),"80㎡, 120석",주차 완비,,한식
무교뻘낙지,댕이골 초입에 위치한 낙지전문점입니다. 낙지는 부드럽고 담백한 맛과 타우린이 함유된 저칼로리 식품으로 콜레스테롤 양을 억제하고 빈혈예방에 효과가 탁월합니다. 낭만적인 음악과 아늑한 분위기에서 즐겁고 만족스러운 시간을 선사합니다.,,031-408-7305,경기도 안산시 상록구 댕이길 6 (사동),56석,주차 완비,,한식
명장한우,"전통을 살린 인테리어에서 편안하게 즐기실 수 있습니다. 다양한 규모의 예약석과 대형주차장이 완비되어 있으며, 항상 청결과 친절한 서비스를 위해 노력합니다.",,031-415-0068,"경기도 안산시 상록구 광덕1로 346, 301호 (이동)","150평, 180석",30대 주차 가능,"AM 11:00 ~ PM 11:00, 명절당일 휴무",한식
독일미,"안녕하세요. 경기도 안산시 맛집 독일미입니다. 독일미는 중국에 200여개의 가맹점을 보유한 프랜차이즈입니다. 정통 몽골식 양고기 요리를 제공하고 있습니다.  몽골식 양갈비와 양다리는 통째로 숯불에 구어 나오며 손님이 직접 잘라서 드실 수 있도록 제공됩니다. 20여가지의 다양한 꼬치종류도 준비되어 있습니다. 정갈한 맛과 정성스런 상차림, 최고의 서비스로 모시는 독일미, 맛집의 대명사.  최고의 맛으로 최상의 서비스를 드리는 독일미가 되겠습니다. 감사합니다.",,031-493-8666,"경기도 안산시 단원구 부부로2길 22-1 (원곡동, 749-3 1층)",126.04㎡,,오전 10:00~익일 새벽 01:00,중식
만해추어탕,27년의 오랜 전통을 자랑하며 항상 신선한 재료로 매일 직접 조리하며 오시는 한 분 한 분께 영양 가득한 음식을 정성스럽게 제공하고자 노력해왔습니다. 직접 승계 비법 전수로 언제나 변함없는 맛과 질 좋은 서비스로 보답하는 업소가 되겠습니다.,,031-492-7070,"경기도 안산시 단원구 황새바위길 3 (신길동, 294-2 1층)",123㎡,100대 가능,09:30~21:30,한식
맛수원왕갈비,수원 소생갈비와 수원 양념왕갈비는 수원 전통의 갈비로 수원에서 드셨던 맛과 양이 같고 한우등심은 국내산 1등급 또는 1등급 프러스로 좋은 마블링과 육질을 자랑하며 돼지갈비 역시 국내산으로 정성을 다하여 직접 손질하여 서비스하고 있습니다. 찾아주시면 최선을 다해 모시겠습니다.,,031-417-6635,"경기도 안산시 상록구 중보1길 18, 1층 (이동)",120석,가능,오전 10:30~ 오후 10:30,한식
대관령감자탕,손님들에게 가장 맛있는 감자탕집으로 불리는 이곳은대림 센트럴포레 상가로 이전한 지 얼마 안 되었지만단골들의 발길이 여전히 이어지고 있는 감자탕 전문 15년 된 찐 맛집이다.,오픈 후 곧바로 인기 맛집으로 등극,031-494-8878,경기도 안산시 단원구 화랑로 102(백운동),56석,상가 전용 주차장,매월 둘째 주 화요일,한식
명옥부대찌개,"자타가 공인하는 의정부부대찌개 10년 경력의 사모님이 직접 주방을 맡고 있으며 풍부한 햄, 소시지, 치즈, 신선한 야채 등의 재료와 어우러지는 진한 육수 그리고 맛의 비법인 다데기 양념을 사용하여 얼큰하고 담백하고 시원한 육수 맛이 진품입니다. 어른 아이 질리지 않고 먹을 수 있는 음식입니다, 안산 지역의 대표적인 부대찌개 전문 음식점입니다",,031-417-8686,"경기도 안산시 상록구 천문4길 15, 1층",,,,한식
몽차우,몽차우는 쫄깃한 면발을 즐길 수 있는 수타면 전문점입니다햇빛이 잘드는 밝은 실내로 넓고 편안한 분위기인데요주방이 오픈되어 있어 수타면 만드는 모습을 볼 수 있습니다해산물과 야채가 푸짐한 수타해물짬뽕바삭한 튀김의 북경 탕수육이 인기메뉴이지요,,031-487-0085,경기도 안산시 단원구 광덕대로 141,단체석 가능,,,중식
동방명주,동방명주는 동쪽지방에서 가장 빛나는 중국 음식점으로 동방명주에서 술 한잔에 밝은 기운을 얻으시라는 의미를 갖고 있습니다넓은 매장으로피로연 예약도 받고있습니다,,031-411-8595,경기도 안산시 단원구 광덕2로 155-12,,가능,,중식
"별난형제동태탕, 코다리찜",유명 연예인들이 다녀간 포스트잇만으로도 맛집 증명.찾기 어려운 위치인데도 홀은 항상 만석이다. 인공조미료를 사용하지 않고도맛있는 탕과 찜을 만들어내는 맛집이기 때문이다.,별난형제동태탕 상호부터 남다른 맛집,031-402-8892,경기도 안산시 상록구 충장로 586(월피동),홀 32석 룸 40석,주변,매월 첫째 월요일,한식
어촌세꼬시(본오동),"일본의 어느 골목에 위치한 소문난 일식 전문점을 떠올리게 되는 세꼬시 전문점으로 사장님도일본인 같지만 순수 한국인이다. 일식 사랑에 빠져 젊은 시절부터 일식을 배웠던 사장님은군에서도 일식 요리병이었고 그 후 서울 강남에서 20년, 안산에서 20년, 모두 43년을 일식만해온 분이다. 최상의 세꼬시 맛을 위해 손으로 직접 회를 뜨는데 썰은 회의 크기가 기계보다정교하다. 주 고객은 단골들이라 예약은 필수다. 이곳을 찾는 손님들이 메뉴판을 보지 않는다.사장님에게 일임하고 제공된 메뉴에 100% 만족한다. 신뢰하기 때문이다.",장인정신이 돋보이는 일식 전문점!,031 406-3988,경기도 안산시 상록구 용신로 384 (본오동),32,"지하주차장, 공영","일요일, 명절",횟집
북경대반점,"안산은 물론이고 먼 곳에서도 찾아오시는 많은 분들이 인정한 소문난 맛집입니다. 최상의 맛과 신선함, 그리고 저렴한 가격을 위해 배달은 하지 않습니다. 대신 찾아오시는 모든 분들이 맛있고 푸짐하게 드실 수 있도록 쾌적하고 편안한 시설과 다양한 메뉴를 준비하여 모십니다.",,031-401-1283,경기도 안산시 상록구 안산천동로4길 1 (월피동),"45평, 64석",주차 완비,"AM 10:30 ~ PM 10:00, 명절 휴무",중식
구이명가국민갈비(사동),"고기 맛은 최상의 품질과 신선도 그리고 숙성이라고 자부하는 음식점 35년 베테랑 고기 전문가부부 사장님이 운영하는 곳. 이곳은 고기 전문점으로 단골손님이 주를 이룰 만큼 이미 소문난맛집이다. 최고의 품질을 자부하므로 어떤 메뉴를 시켜도 대만족이다. 냉면 전문점이 아닌가할 정도로 냉면 맛집이기도 하다. 냉면을 직접 뽑고 육수도 직접 낸다. 정갈하고 맛있는 반찬은물론 아이스크림, 원두커피, 식혜, 탄산음료, 디저트 과일과 케이크 셀프 바도 준비되어 있어감동이다. 식사에만 집중할 수 있도록 고기를 직접 구워주는 서비스까지 받을 수 있는 이곳은장소가 넓어서 가족 모임, 단체 회식 장소로도 최적이다.",100% 국내산 과일 숙성 갈비!,031-416-3070,"경기도 안산시 상록구 항가울로 70, 1층",157석(단체 가능),"공영, 가게 앞",연중 무휴,한식
상록한정식,"음식 하나하나마다 최고의 손맛을 자랑하는 ‘상록한정식’입니다. 천연감미료로 양념하고, 한상 한상마다 정성을 다하여 맛은 물론이고 건강까지 생각합니다. 고급스러운 전통 인테리어와 소품들, 솔향기가 가득한 야외 조경이 즐거움을 더합니다. “음식맛이 참 좋은 집”, “마음이 참 편안한 집”이 되도록 항상 노력합니다.",,031-500-4455,경기도 안산시 상록구 해안로 705 (사동),140평,주차 완비,"AM 11:30 ~ PM 10:00, 명절 휴무",한식
서가네우렁쌈밥,"안녕하세요. 경기 안산시에 위치한 서가네우렁쌈밥입니다. ""음식이 보약이다""라는 음식 이념을 추구하는 서가네우렁쌈밥은 고객님의 소중한 가정과 건강을 먼저 생각합니다. 항상 초심을 잃지 않고 신선하고 깨끗한 재료를 사용할 것을 고객 여러분께 약속 드립니다. 저희 서가네우렁쌈밥을 찾아 주시는 모든 고객분들께 정성을 다하겠습니다. 늘 아껴주시고 성원하여 주셔서 감사합니다.",,031-406-4685,경기도 안산시 상록구 본이로1안길 38 (본오동),45평,주차 가능,AM 10:00 ~ PM 10:00(마지막주 월 휴무),한식
별장보쌈칼국수,"황토가마 참나무로 훈제한 보쌈과 삶는 방법의 차별화로 이뤄낸 전통보쌈,크기에 놀라고 맛에 놀라는 왕만두,그리고 신선한 바지락과 진한 육수 맛이 일품인 칼국수 등음식 하나하나에 섬세한 정성을 담았습니다.별장보쌈칼국수는 고객의 건강과 참맛을 위해 좋은재료와 신선함을 최우선으로 생각합니다.",,031-419-5900,경기도 안산시 상록구 댕이길 10 (사동),119 ㎡,주차 가능,매주 주일은 휴무평일 11:30분 ~ 21:00분토요일 11:30분 ~ 16:00분break time : 오후 3:00 ~ 5:00,한식
서래가든,"장작불로 오랫동안 가마솥에 삶은 왕갈비탕과 직접 재배하고 담근 김치, 깍두기 등 주메뉴와 밑반찬 모두 오랜 경력의 손맛으로 요리합니다. 정갈한 분위기에서 대부도의 맛과 향을 마음껏 즐기실 수 있도록 항상 가족과 같은 마음으로 고객을 모시겠습니다.",,032-886-4842,경기도 안산시 단원구 대부황금로 700 (대부동동),100석,40대 가능,AM 6:00 ~ PM 9:00,한식
본가해미청,"해미청은 해물찜, 아구찜 전문 식당으로 언제나 신선하고 엄선된 재료만으로  정성을 다해 손님을 모시고 있습니다. 150여 평에 달하는 넓은 실내공간과 대형 룸이 준비되어 있어  각종 모임이나 회식 등 단체 회합에 적합한 곳이기도 합니다. 언제든지 찾아주시면 정성을 다해 모시겠습니다. 감사합니다.",,031-402-1700,경기도 안산시 단원구 선부광장로 67,150평,가능,오전 11:00~오후 11:00,한식
엄마손포천순대국 -사동점,한 번 맛본 손님들은 바로 단골이 되는 곳.포천에서 60년 째 영업 중인 엄마손포천 순대국이 전신인 안산 사동점은 같은 자리에서13년 째 영업 중인 역사만으로도 맛의 깊이가 가늠되는 맛집이다. ,한 번 맛본 손님들은 바로 단골이 되는 곳.,031-417-8283,경기도 안산시 상록구 장화2길 45(사동),48석 명절공영주차장,공영주차장,명절,한식
새벽순댓국,사장님의 자부심이 가득한 직접 만든 순대와 깔끔한 육수로 요리를 제공하는 업소입니다뿐만 아니라 가성비 좋은 가격으로 육개장과 뼈해장국을 푸짐하고 배부르게 드실 수 있습니다,,031-502-4575,경기도 안산시 상록구 송호로 12-1,,,,한식
서울깍두기,한양대역앞 서울깍두기는 언제 먹어도 실망스럽지 않는 밥집이 되고자 노력하고 있습니다시원한 국물과 부드럽고 맛있는 수육그리고 깍두기로 든든한 한끼를 채워가시길 바랍니다,,031-416-0506,"경기도 안산시 상록구 광덕1로 365, 105,106호",,,,한식
여울쌈밥,앞마당의 텃밭에서 야채를 직접 재배하여 요리합니다. 각종 다양한 야채들을 친환경으로 정성껏 재배하였기 때문에 진정한 웰빙요리라 자부합니다. 쌈야채 외에 각종 요리에 들어가는 재료들도 엄선하여 정성껏 준비합니다. ,,031-316-3838,경기도 안산시 단원구 꽃우물1길 16-5,,,,한식
어화일식,특별한 모임과 정성 깃든 진정한 맛을 위한 일식전문 북해도입니다. 매일 당일 쓸 물량만 산지에서 엄선하여 구입하고 요리합니다. 고급스럽고 독특한 실내에서 화려하면서 정갈한 일품 회요리를 맛보실 수 있습니다.,30,031-402-2271,"경기도 안산시 단원구 광덕대로 206, 210호 (고잔동)",100석,주차 완비,AM 10:00 ~ PM 10:00,일식
솔밭낙지마당,안산 중심상가에서 1995년에 시작하여 한결같은 맛과 정성으로 꾸준히 고객을 모시는  낙지요리전문점입니다. 많은 분들이 극찬하신 맛과 깔끔한 인테리어는 솔밭낙지마당의 자부심입니다.,,031-484-4024,"경기도 안산시 단원구 예술대학로 17, 212호 (고잔동)","62평, 88석",주차 완비,AM 10:00 ~ PM 10:00,한식
아리원중화요리,"쾌적한 환경과 편리하고 넓은 주차공간으로 회갑, 생신, 돌잔치, 각종 단체 모임에  더 큰 만족을 드리는 중식 레스토랑 아리원입니다. 신선한 식재료와 특별한 서비스, 변함없는 맛으로 찾아오시는 모든 분들에게 전 직원이 정성을 다하고 있습니다.",,031-485-3100,경기도 안산시 단원구 광덕대로 251 3층(고잔동),,주차 완비,,중식
자매네찌개,이곳은 반월공단이 가까워서 공단에 근무하는 분들에게 맛집으로 인정받은23년 차 된 곳으로 양과 맛과 친절은 물론 반찬과 밥을 추가해도 돈을 받지 않는인정까지 갖춘 찌게 맛집이다.,한 번 오신 분들은 모두 단골,031-406-5252,경기도 안산시 단원구 동산로 60 2층(원시동),64석,"주차 지하 1,2층",연중무휴,한식
여울쌈밥,앞마당의 텃밭에서 야채를 직접 재배하여 요리합니다. 각종 다양한 야채들을 친환경으로 정성껏 재배하였기 때문에 진정한 웰빙요리라 자부합니다. 쌈야채 외에 각종 요리에 들어가는 재료들도 엄선하여 정성껏 준비합니다.,,031-316-3838,경기도 안산시 단원구 꽃우물1길 16-5 (화정동),"50㎡, 22석",주차 완비,"AM 11:00 ~ PM 11:00, 연중무휴",한식
신라샤브칼국수,"얼큰한 부대찌개 육수, 신선한 야채와 버섯, 싱싱한 해물, 그리고 칼국수가 어우러져 특별한 샤브샤브의 맛과 즐거움을 드립니다. 특히 야채와 해물로 만들어 낸 진한 육수의 부대찌개는 신라샤브샤브의 자랑입니다.",,031-418-6014,경기도 안산시 상록구 용신로 219 (사동),"100㎡, 80석",주차 완비,,한식
신석기숯불이야기,"국내산 고급육을 사용하는 돼지갈비와 생삽겹살, 한우 생등심 등 최상의 육질을 엄선하여 직접 연구하여 만든 갈비양념과 육수로 신석기숯불이야기만의 맛을 선사합니다. 속초 코다리냉면은 직접 반죽하여 뽑은 면에 속초 명태식혜와 직접 우려낸 육수로 만듭니다. 만두 또한 어머니의 손맛을 담아내기 위해 정성을 다합니다.",,031-437-3366,"경기도 안산시 상록구 샘골로 160, 101호 (본오동)","42평, 68석",주차 완비,AM 10:30 ~ PM 10:30,한식
신촌설렁탕,"40여 년을 한결 같이 탕 요리를 해온 주방장이 직접 요리합니다. 13년째 한대역 앞에서 많은 분들에게 신촌설렁탕의 맛을 선보여왔습니다. 맛은 물론이고, 오픈되어 있는 주방을 통해 정직과 정성을 강조하면서 꾸준히 이어가겠습니다.",,031-406-2561,"경기도 안산시 상록구 광덕1로 386, 110호 (이동)",100㎡,공영주차장(주차권 제공),"24시간, 연중 무휴",한식
어담추어매운탕,추어탕은 예부터 원기를 돋우고 각종 치료에 활용되기도 했습니다. 미용에 좋고 노화를 억제하며 저항력을 높여주어 각종 성인병에 예방과 치료 효과가 있습니다. 산과 숲이 어우러진 댕이골에서 ‘어담’ 추어탕의 맛과 향을 고스란히 느끼실 수 있습니다. 사계절 특별 메뉴도 있으니 미리 연락주시고 찾아주세요.,,031-408-7789,경기도 안산시 상록구 댕이길 67-1 (사동),88석,,,한식
영덕해물탕,영덕해물탕은 싱싱한 해물을 고객의 주문에 즉석에서 요리하여 내고 있습니다. 10여년간의 경력과 영덕해물탕만의 맛의 비법으로 개운하고 얼끈한 해물탕과 쫄깃하고 매콤한 해물찜을 맛 보실 수 있습니다.,,031- 415-7776,경기도 안산시 상록구 항가울로 262 (사동),49평 80여석,주차 완비,AM 10:00 ~ PM 12:00,한식
옹골찬설악추어탕,"추어탕은 단백질, 칼슘, 무기질이 풍부하여, 원기를 회복시켜주는 보양식으로, 손질과정 하나하나 세심하게 관리하고, 각종 양념도 오랜 시간에 걸쳐 쌓인 노력의 결실을 담았습니다. 더불어 모든 요리는 신선한 재료를 엄선하여 주인이 직접 정성을 다해 조리합니다.",,031-405-9933,경기도 안산시 상록구 수인로 1836 (장상동),"40평, 80석",40대 주차 가능,"AM 11:00 ~ PM 11:00, 연중무휴",한식
송탄나여사부대찌개,"나여사 부대찌개의 맛의 비밀은 무엇일까요? 1. 직접 담그는 김치 : 직접 공수해 온 국내산 배추와 고춧가루, 40년간 이어져 내려오는 양념비법의 조화로 최고의 김치가 탄생합니다.  2. 직접 끓인 진한 육수 : 갖은 재료를 넣어 오랜 시간동안 직접 끓인 진한 육수로 깊은 맛을 냅니다. 3. 푸짐한 건더기 : 그동안 부대찌개에서 볼 수 없었던 푸짐하고 다양한 건더기로 든든한 한끼를 책임집니다. 4. 특별한 라면사리 : 면발이 가장 쫄깃쫄깃하고 먹는 동안 불지 않아 부대찌개 본연의 깊은 맛을 느끼게 해주는 신라면을 사용합니다.",,031-403-2325,경기도 안산시 단원구 원포공원2로 24(초지동),108석,,AM 9:30 ~ PM 9:00,한식
송담추어탕,"저희 송담추어탕(부곡점)은 안산시 제일CC사거리에 위치한 추어탕전문 식당입니다. 작은 밑반찬부터 모두 직접 주인이 만들어서 손님상에 내고 있습니다. 추어탕은 물론 김치, 콩나물 등 모든 재료를 그날 그날 손질하고 직접 준비하여 가장 신선하고 맛있는 상태로 서비스하고 있습니다. 언제나 친절과 밝은 미소로 손님들을 맞이하고 서비스하겠습니다. 감사합니다.",,031-406-7988,"경기도 안산시 상록구 태마당로 4, 1층 (부곡동)",134.53 ㎡,가능,05:00~21:00,한식
오양순추어탕,"오양순추어탕은 기존의 추어탕에 우렁이가 들어간 특별한 추어탕입니다. 우렁이는 특유의 쫄깃한 식감뿐만 아니라 보양에도 매우 좋은 음식입니다. 미꾸라지와 우렁이의 결합을 통한 특별하고 맛있는 보양식입니다. 또한 고추와 미꾸라지를 결합한 고추추어튀김, 인삼튀김 등 새로운 추어의 맛을 느낄실 수 있습니다. 많이 찾아주세요.",,031-401-1778,경기도 안산시 상록구 안산천동로 256 1층(월피동),149.24 ㎡,가능,07:30~10:00,한식
전주시골순대국,"7번 순대국 주세요! 번호로 주문하는 이곳은 사장님의 남다른 아이디어가 돋보인다.순대만 들어간 메뉴, 순대를 뺀 메뉴 등 순대국에 들어가는 내용물을 손님의 기호에 맞춰주문할 수 있는 메뉴판이 그것이다.",취향따라 골라 먹는 순대국 맛집,031-403-1804,경기도 안산시 단원구 원포공원1로 35(초지동),36석,지하 또는 공영,연중 무휴,한식
"아바이마을명태고추조림,생선구이",저희 아바이마을명태고추조림은 명태고추조림 전문점으로  안산 최고의 맛이라고 감히 자부합니다.  단백한 명태와 매콤한 고추의 환상의 조합으로 최고의 맛을 선사하겠습니다. 저희 명태고추조림을 맛보시다면 다시 찾을 수밖에 없습니다.  언제든 찾아주시면 최고의 명태고추조림으로 보답하겠습니다. 감사합니다.,,031-411-0056,"경기도 안산시 단원구 초지2로 67-7 (초지동, 734-5 한양타워 1층 118,119호)",90.44㎡,가능,오전 11:00~ 오후 10:30,한식
수지동태탕,"안녕하세요  수지동태탕을 방문해주셔서 감사합니다  저희 수지동태탕은 고객들이 편안한 분위기에서 안심하고 식사를 즐기수 있도록 최선의 노력을 다하고 있습니다.  안산맛집 수지동태탕은 동태탕, 동태찜, 동태전골, 동태조림, 동태전, 해물찜, 메밀막국수, 들깨옹심이, 메밀전병, 메밀만두, 해물파전 등을 위생적이고 안전하게 조리하여 최고의 맛을 준비하고 있습니다 지하 대형 주차장과 넓고 쾌적한 영업시설, 그리고 객실과 객석으로 구분되어 연인, 가족, 친구, 친적, 단체등의 모임을 하시기에 알맞는 구조를 갖추었습니다.",,031-482-3307,"경기도 안산시 단원구 선부광장로 77, 104~107호 (선부동,늘봄스위트빌)",660㎡,가능,오전 10시~오후 10시,한식
연안생태찌개,생태찌개만을 전문으로 하고 있습니다무엇보다 생태 및 내장의 상태를 최선으로 관리하여 생태찌개 본연의 맛을 살리기 위해 최선을 다하고 있습니다많이 찾아주십시오,,031-406-1104,경기도 안산시 상록구 서암로3길 23,,,,한식
막국수앤닭갈비닭(본오동),"독일에서 건축학을 전공하고 대기업에서 근무했던 사장님은 어느 날 자신이 좋아하는 일을하고 싶다는 생각이 들었는데 그 일이 어머니의 음식 솜씨 DNA를 물려받은 음식 만드는것이었단다. 인재답게 닭갈비는 오픈 전 약 3년간 소스를 개발하고 연구한 덕분에 맛이독보적이다. 소스 재료는 사과, 배, 단감, 파인애플 등 과일이라 자연의 맛이다. 매실액으로담근 배추 물김치 또한 닭갈비와 막국수와 조화가 환상적이다. 닭갈비와 가장 궁합이 잘 맞는막국수를 직접 뽑아내는데 영양과 맛 모두 성공해 오픈한 지 얼마 되지 않았지만 소문난맛집이다. 아쉬움은 오픈 시간이 오후 3시라는 것이다. 그래서 더 맛있게 느껴진다.",건축학 전공 젊은 사장님의 막국수와 닭갈비 사랑!,070-4647-3759,경기도 안산시 상록구 본오로 56 (본오동),40,주변,매주 일요일,한식
장강반점,,,031-493-1398,경기도 안산시 단원구 부부로1길 21 (원곡동) ,,,,
용추골미궁순대,"1999년 개점하여 어머니의 마음으로 한결같은 맛과 정성을 이어왔습니다. 미궁순대는 모든 메뉴에 영양과 담백함을 동시에 담아 남녀노소 누구나 즐겨찾는 사계절 건강보양식으로, 그 명성대로 선부동 본점 외에도 많은 지역에서 같은 맛과 정성으로 모십니다. 순대요리와 족발 등 고객의 요구에 귀 기울여 새로운 메뉴도 끊임없이 연구하고 노력합니다.",,031-486-0205,"경기도 안산시 단원구 선부광장1로 22, 108호 (선부동)",,주차 완비,"24시간, 명절휴무",한식
윤숙이네손칼국수,"대부도 서해바다의 싱싱한 해물로 정성껏 요리합니다. 꽃게탕과 찜, 낙지요리는 ‘윤숙이네’의 대표요리로 맛도 일품이고 양도 푸짐합니다. 특히 ‘윤숙이네 낙지무침’은 2001년 향토음식경연대회에서 대상을 받기도 했습니다. 넓은 주차장과 대부도의 바다가 보이는 풍경 속에서 여유롭고 즐거운 시간을 보내세요.",,032-882-1947,경기도 안산시 단원구 대부황금로 1425 (대부북동),,주차 완비,"AM 10:00 ~ AM 12:00, 연중무휴",면집
장군부대찌개,12년 동안 최상의 재료만을 고집하면서 한결같은 정성과 맛으로 모시고 있습니다. 메인 요리뿐만 아니라 찬 역시 하나하나 정성어린 맛을 담았습니다. 넓은 실내공간에서 푸짐한 별미를 맛보세요.,,031-480-3392,"경기도 안산시 단원구 선부광장로 77, 108호 (선부동)","75평, 120석",지하주차장,"24시간 영업, 연중무휴",한식
시골밥상(와동),주택가 입구에 위치하여 어렵게 찾아가야 함에도 손님들이 줄 서 기다리는 곳이다. 시골밥상이란상호의 뜻 그대로 시골에 사시는 할머니나 이모님의 음식 솜씨를 느낄 수 있는 한식. 메뉴가많지 않아서 더 정성스럽게 만들고 가격 또한 높지 않아서 점심시간이 지났는데도 손님들의발길이 이어지는 가성비 좋은 맛집이다.,가정식 탕·볶음 맛집!,031-414-3614,경기도 안산시 단원구 화정천동로1안길 25 (와동),30,공영,"일요일, 명절",한식
좋구먼한정식,"토속웰빙한정식을 국내 최초로 프랜차이즈화한 대표 한정식 브랜드입니다. 우리의 맛과 얼을 보전하기 위해 한식에서 가장 중요한 장류를 옛 방식 그대로 재현했습니다. 당사가 개발한 다양한 소스와 메뉴는 남들이 넘보지 못하는 우리만의 핵심기술로 앞으로도 끊임없이 개발하고 발전해나가도록 노력하겠습니다.  좋구먼의 세가지 약속 하나, 주요 식자재는 국내산만을 고집하겠습니다. 둘, 우리 음식의 얼과 문화를 지키고 발전시켜 나가겠습니다. 셋, 고객 사랑을 위해 노력하고 또 노력하겠습니다.",,031-410-5577,"경기도 안산시 단원구 광덕4로 234, 207호(고잔동)","120㎡, 120석",주차 완비,"AM 10:00 ~ PM 10:00, 추석과 설날 휴무",한식
라라분식(사동),"첫 번째 놀람은 문을 열고 들어서는 순간 테이크아웃 카페 같은 심플한 실내 분위기에 놀라고,두 번째는 맛집이라는데 테이블이 3개밖에 없다는 것이다. 세 번째 놀람은 차려진 음식이예술작품 같다는 것이다. 특히 접시에 담긴 김밥은 젓가락을 댈 수 없을 만큼 화려한데 맛도뛰어나다.",분식집 맞아? 세 번 놀라는 분식 맛집!,010-8325-7955,경기도 안산시 상록구 후곡로 38 (사동),18,주변,"일요일, 명절",한식
청궁,12년 전통의 청궁 중국요리 짬뽕 전문점입니다. 각종 해산물과 야채 등 신선한 재료만으로 맛뿐만 아니라 건강까지 생각하며 요리합니다. 많은 고객들의 성원과 발길에 힘입어 확장이전하여 더욱 쾌적하고 즐거운 시간을 약속드립니다.,,031-411-2588,"경기도 안산시 단원구 원포공원1로 60, 101호 (초지동)","64평, 100석",주차 완비,"AM 9:00 ~ PM 9:00, 연중무휴",중식
조선갈비(선부동),"최상급 고기와 좋은 식재료와 최상의 서비스로 코로나 때에도 매출이 줄지 않은 곳으로, 갈비는물론 서브 메뉴들도 주메뉴에 버금가는 육류 전문점이다. 특히 귀한 손님 대접과 품격을 중히여기는 분들이 많이 찾는 곳으로 넓은 내부와 고급스러운 인테리어와 맛 보장으로 가격은중요하지 않다고 생각되는 곳이다. 1등급 고기를 48시간 숙성하고 이곳만의 차별화된 레시피로양념된 고기 맛은 감동이다. 한우 생고기 또한 프리미엄 한우1++ 중에서도 최상등급이어서맛을 보면 엄지척이다. 직접 구워주는 서비스를 받을 수 있어서 이 또한 경쟁력이며 단체 회식장소는 물론 대형 놀이방이 있어서 가족 모임에도 최적이다.","품질, 서비스, 맛, 고품격 갈비 전문점!",031-483-2020?,경기도 안산시 단원구 선부광장로 77 2층(선부동),300석(룸 9),"지하, 공영",명절,한식
원할머니보쌈 상록수점,"원할머니 보쌈 가맹 1호점으로 22년 동안 한결같이 고객을 모시고 있습니다. 국산 채소와 김치(고춧가루 국산), 기름을 충분히 제거하여 담백한 삶은 돼지고기만 사용합니다. 찾아오시는 분들에게도, 배달도 언제나 정성을 다해 모십니다.",,031-409-4323,경기도 안산시 상록구 용신로 394 (본오동),"84평, 92석",주차 완비,"AM 11:00 ~ AM 12:00, 명절 휴무",한식
해마을감자탕 고잔점,젊은 사장님이 운영하는 곳으로 90석이 넘는 많은 자리인데도 앉을 자리가 없어서기다리는 손님들을 볼 수 있는 감자탕 맛집 해마을 감자탕은 이미 소문난 맛집이다.,음식에 대한 손님들 평가 10점 중 8~9점인 맛집,031-439-0888,경기도 안산시 단원구 광덕3로 167-12(고잔동),"1, 2층 92석",주변 사설·공설,명절,한식
우가네사또왕족발,100% 국내산 한방족발전문점입니다. 다양한 족발요리마다 2대에 걸친 오랜 노하우와 정성을 담아 많은 분들의 사랑을 받고 있습니다.,,031-419-7866,"경기도 안산시 상록구 예술광장1로 22, 108호(월피동)",20석,지하 20대,"PM 1:00 ~ AM 12:00, 일요일 휴무",한식
육덕봉,농장에서 직송한 질 좋은 고기를 푸짐하게 드실 수 있는 안산의 맛집입니다.,,031-409-8954,"경기도 안산시 상록구 충장로6길 22-2, 1층 (이동)","50평, 20석",주차가능,"AM 11:00 ~ PM11:00, 연중무휴",한식
우리옥 (목포뻘낙지),"목포뻘낙지에 오신 것을 환영합니다. 우리 목포뻘낙지는 신선한 재료와 친절한 서비스로 언제나 정성을 다하고 있습니다. 다양한 병어, 낙지요리를 준비하여 언제나 최선을 다해 모시겠습니다. 제철 보양식과 계절음식을 정성껏 준비하여 고객의 건강을 위한 식단을 준비하고 있습니다.  많이 찾아주시기 바랍니다. 감사합니다.",,031-437-0021,경기도 안산시 상록구 댕이길 19 (사동),100석 이상,10대 무료주차 가능,"AM 10:00 ~ PM 10:00, 연중무휴",한식
정통일식 다래,신선한 활어와 최상의 품질을 엄선하여 제공합니다.  다양한 크기의 룸과 고급 인테리어가 풍미를 더할 것입니다.  다래에 머무는 시간동안 충분히 즐기고 맛보실 수 있도록 정성을 다해 모시겠습니다.,일식 전문점,031-403-4399,"경기도 안산시 단원구 광덕2로 163-15, 301호 (고잔동)",100평,주차가능,AM 10:00 ~ PM 10:00,일식
사또횟집(대부북동),"관광지 활성화에는 음식점 역할이 중요하다고 강조하는 사장님은 상호처럼 대부도를 지키는사또이다. 지속 가능한 영업이란 최상의 재료와 맛과 서비스인만큼 지불하는 비용이 아깝지않을 맛과 서비스를 위해 최상의 음식을 내는 곳. 사또횟집의 맛과 정성과 서비스에 반해 포항,제주도 등 먼 곳에서 다시 찾아온단다. 30년 이상된 메뉴별 전문 셰프들이 만드는 음식들이라자부심이 대단한 여사장님 자체가 신뢰이고 감동이다. 맛의 기본은 신선함이므로 새벽마다연안부두를 다녀오고 18만 명 구독자가 있는 관광버스회사와 여행사 앱을 통해 홍보를하는 만큼 90%가 예약이다. 전국 각지에서 걸려오는 예약 전화벨이 연신 울리는 품격 높은맛집이다.",대부도 관광 홍보 사절단 사또횟집!,032-881-4424,경기도 안산시 단원구 대부황금로 1479,1층 88/ 2층 160/ 3층 160,건물 앞,연중 무휴,횟집
자매네,"자매네는 생태, 동태찌개 전문점입니다. 16년을 한 곳에서 한결같은 손님들의 사랑을 받으며 영업을 이어오고 있습니다.  당일 준비되는 신선한 재료로 시원하고 얼큰한 국물맛이 일품인 생태, 동태, 대구탕을 즐길수 있습니다. 식전에 나오는 부침개와 식후의 누른밥까지 만족스러운 식사를 준비하고 있습니다. 감사합니다.",,031-406-5252,"경기도 안산시 단원구 동산로 60 (원시동, 777-6 반월종합상가 2층 220호)",78.84㎡,가능,10:00~21:00,한식
웅가네추어탕,몸이 좋아지는 웅가네 추어탕 한번 맛을 보면 잊을 수 없는 추어탕의 깔끔하고 깊은 맛으로 또 다시 찾게 되어 단골손님이 됩니다. 정갈하고 깨끗한 분위기 속에서 남원식 정통 추어탕의 깊은 참 맛을 느껴보시길 바랍니다. 웰빙시대에 몸이 건강해지는 웅가네추어탕 드시고 건강하세요.,한번 맛 보면 잊을 수 없는 추어탕,031-475-1225,"경기도 안산시 단원구 이삭2길 59 (고잔동, 743-7 102호)",75.16㎡,가능,오전 10:00~ 오후 10:00,한식
종가진곰탕,어린 시절 한 달 내내 먹어도 질리지 않았던 곰탕을 좋아하는 아이가 자라서곰탕집을 운영한다면 그것은 매우 자연스러운 일이다.그곳이 30년 전통 가마솥 진국 맛집 종가진곰탕이다.,그곳이 30년 전통 가마솥 진국 맛집 종가진곰탕,031-414-7159,경기도 안산시 상록구 시낭로 24(월피동),본관 52석 별관 20석,건물 앞과 공영,명절,한식
진짜원조소나무집,뚝방할머니손칼국수집 진짜원조 소나무집은 언제나 초심을 잃지 않고 정성을 다하여 손님을 맞이하고 있습니다대부도의 아름다운 자연과 원조 대부도 칼국수의 맛을 느낄 수 있는 곳입니다,,032-886-2400,경기도 안산시 단원구 대부황금로 732,25평 40여석 (단체석 별도 완비),주차 완비,,한식
천하일미,안산시청 인근의 정통 갈비집입니다참숯위에 석쇠를 얹고 구워먹는 고기맛이 일품입니다비빔냉면뚝배기 갈비탕 등도 있습니다많이 찾아주세요,,031-485-3200,경기도 안산시 단원구 광덕대로 251,단체석,,,한식
우리복집,우리복집은 복요리 전문점입니다우리복집은 기존의 값비싼 복요리라는 편견을 깨고 친숙하게 누구나 복요리를 즐길 수 있는 곳입니다직장이 점심 메뉴는 물론 회식단체몽임에 알맞은 맛집입니다,,031-403-8211,경기도 안산시 단원구 다리간2길 52,,,,한식
청정민물매운탕,"한적하고 네비로도 찾기 힘든 곳인데 손님들의 발길이 끊이지 않는건강식 민물매운탕 전문점, 양에 놀라고 맛에 놀라고 국물이 줄면육수를 바로 리필해 주는 서비스 만점 맛집이다.",손님들의 발길이 끊이지 않는 건강식 민물매운탕 전문점,031-409-1570,경기도 안산시 상록구 각골로 23(본오동),76석,주변,첫째 셋째 월요일,한식
카트만두 레스토랑,"커리, 치킨탄두리Curry, Chicken Tanduri",,010-3817-1968,경기도 안산시 단원구 다문화길 18 (원곡동),,,,양식
칸티풀 레스토랑,"커리, 치킨탄두리Curry, Chicken Tanduri",,031-493-9563,경기도 안산시 단원구 다문화2길 28 (원곡동),,,,양식
행복,"캄보디아국수, 꼬치Cambodian Noodles, Grilled skewers",,010-5646-7179,경기도 안산시 단원구 다문화길 6 (원곡동),,,,양식
팟타이,"해물쌀국수, 톰얌꿍Phat Thai, Tom Yam Kung",,010-2318-7127,경기도 안산시 단원구 중앙대로 441 (원곡동),,,,양식
화정동 메밀꽃필무렵,20년간 한결같이 국내산 메밀로 직접 국수를 뽑고 있습니다. 찾으시는 모든 사람들이 편안함을 느낄 수 있도록 꼼꼼하게 고민하여 전통 한옥을 짓고 지금까지 유지하고 있습니다. 식재료는 직접 농사를 지어 정성껏 조리합니다. 앞으로도 오랫동안 메밀요리 하나 만큼은 최고이고자 항상 노력합니다.,,031-403-0621,경기도 안산시 단원구 꽃우물1길 20 (화정동),"25평, 100석",주차 완비,"AM 10:00 ~ PM 9:30, 연중무휴",한식
홍푸,경력 24년의 각종 세계요리대회 입상 셰프가 직접 운영하는 중식당입니다. 호텔급의 고급요리를 저렴한 가격으로 즐기실 수 있습니다. 고객의 건강과 최고의 맛을 제공하기 위해 언제나 열심히 노력하겠습니다. 감사합니다.,,031-403-3885,"경기도 안산시 단원구 광덕2로 164-12 (고잔동, 716-5 금바다프라자 2층)",110평,주차 완비,오전 11시 ~ 오후9시,중식
쌈앤쌈(사동),"건물 외부도 요정의 집 같지만, 황토로 꾸며진 내부와 두건을 두르고 요정처럼 맑은 눈빛으로손님을 맞고 음식을 만드는 여사장님의 남다른 포스만으로도 맛집임을 알 수 있다. 삼성에서근무했던 사장님은 음식 만드는 것이 즐거워 한식·양식·일식·중식은 물론 제빵·제과와 칵테일자격증까지 따고 재료와 곡물 연구까지 하다가 자신의 음식 솜씨를 선보이기 위해 음식점을운영하게 되었단다. 음식이 자신의 성적표라고 생각하는 만큼 이곳의 메뉴는 무엇을 시켜도엄지척이다.",동화 나라가 연상되는 쌈 한정식!,031-407-3234,"경기도 안산시 상록구 성안2길 5, 2층 (사동)",60,"주말 교회주차장, 주변","매주 일요일, 공휴일",한식
통일칼국수,20년 전통의 변함없는 정성과 맛으로 인정받은 칼국수 전문점입니다. 직접 빚은 만두와 엄선한 국내산 배추로 직접 담근 김치가 일품입니다. 가족같은 분위기에서 가족을 생각하며 정성을 다해 모십니다.,,031-495-5904,"경기도 안산시 단원구 동산로 63, 502호(원시동)","30평, 19석",60대 주차 가능,"PM 12:00 ~ PM 16:00, 매주 일요일 휴무",면집
푸짐한세상(원곡동),"주차가 어렵고 네비를 켜도 찾기 힘든 곳이지만 홀은 손님들로 가득하다. 비결은 품질과맛이지만 상호에서 알 수 있듯 푸짐한 인심도 한몫한다. 기름 흡수 무쇠솥뚜껑이 고기 맛을배가시키고 채솟값이 천정부지여도 쌈을 아끼지 않고 밥도 볶음밥용과 식사용을 따로 내는정성스러운 곳이다. 볶음밥용은 고슬고슬하게 지어야 하기 때문이란다. 그러므로 이곳의시그니처는 볶음밥이다. 날치알 볶음밥의 원조는 이곳이라 자부하는데 김가루, 김치,날치알을 밥과 함께 볶다가 참기름을 듬뿍 넣은 이곳의 볶음밥은 환상적이다. 오로지 한 메뉴돼지고기에만 집중하는 것과 비싸도 국산 재료만을 고집하는 무한 신뢰 맛집이다.","품질, 맛, 푸짐함, 무한신뢰!",031-411-1656,"경기도 안산시 단원구 라성안길11, 군자상가A",52,"주변, 공영",매주 화요일,한식
청정칼국수,"청정칼국수는 2012년 7월 행정안전부와 안산시가 선정한 착한가격업소입니다. 청결하고 깔끔한 맛과 가격에 비해 푸짐한 양으로 고객들의 사랑을 받고 있습니다. 만두는 손으로 직접 빚어 만들고 배추, 열무김치는 하늘아래 가장 맛있다고 자부할 만큼 음식에 정성과 노력을 담았습니다. 푸짐한 인심, 편리한 주차, 깔끔한 분위기, 그리고 착한가격으로 맞이하겠습니다.",청결하고 깔끔한 맛,031-485-0505,경기도 안산시 상록구 녹지로 40 (월피동),"45평, 74석",가능,,면집
토담골추어탕,"넓은 정원이 있는 음식점으로 안양에서 35년 갈비집 운영 경험을 살려서민들 누구나 부담없이 먹을 수 있는 추어탕 22년 차,가격 착하고 맛은 우수하여 가성비 높은 추어탕 맛집이다.",가격 착하고 맛은 우수하여 가성비 높은 추어탕 맛집,031-480-3377,경기도 안산시 상록구 수인로 2019-7(수암동),1층 36석 2층 52석,전용,명절,한식
한우촌숯불갈비,"1998년 개업한 이래 부부가 요리 전 과정을 직접 하고 있습니다. 내 가족이 먹는다는 신념으로 최고의 재료를 엄선하고 천연재료를 원칙으로 요리하며,  신선함과 청결함을 유지합니다.",최고의 재료 엄선 천연재료,031-501-7326,경기도 안산시 상록구 일동로 23 (일동),,주차 완비,"AM 10:00 ~ AM 12:00, 명절 및 여름휴가 휴무",한식
권가네횟집,인천 연안부두에서 매일 가져와 신선도 100% 제대로 된 회 맛을 즐길 수 있는 곳이다.회 전문가 남자 사장님이 회를 직접 뜨는 만큼 이곳의 회는 싱싱함 자체로 맛의 차원이 다르다.,신선도 100% 제대로 된 회 맛,031-508-0001,경기도 안산시 단원구 화랑로 102(원곡동),본관 60 별채 40,건물 뒤 주차장,명절,횟집
현죽,정직과 청결로 화학조미료가 아닌 순수한 천연재료로 육수를 내어 요리하는 전통죽전문점입니다. 내 가족이 먹는다는 생각으로 늘 변함없이 질 좋은 재료를 엄선하여 최선을 다해 요리합니다.,전통죽 전문점,031-413-8218,"경기도 안산시 상록구 예술광장로 63, 110호 (성포동)","18평, 18석",주차 완비,"AM 10:00 ~ PM 9:00, 둘째 넷째 일요일 휴무",한식
통돼지잡는집,"100% 국내산 암퇘지 1등급만을 취급합니다. 월요일, 수요일, 금요일에는 직접 잡은 돼지로 요리하여 통돼지 한마리의 맛을 느끼실 수 있습니다. 직접 전 과정을 하기에 가격도 저렴하며 신선합니다.",100% 국내산 암돼지 1등급,031-402-5683~4,"경기도 안산시 단원구 선부광장1로 30, 112호 (선부동)","138㎡, 72석",지하1층 주차완비,AM 10:30 ~ PM 23:00,한식
코리안왕돈까스,"얼리지 않은 생등심으로 식감이 부드럽고 고소하며,  과일과 신선한 채소로 한국인의 입맛에 맞는 소스를 만들어, 남녀노소 누구나 즐겨먹을 수 있는 돈까스 전문점입니다.",돈까스 전문점,031-403-3228,경기도 안산시 단원구 와동공원로 106 (와동),"52평, 72석",주차완비,"AM 10:30 ~ PM 21:30, 명절당일 휴무",양식
동네횟집,"맛은 물론 스키다시, 양, 가격 모두 가성비 좋은 맛있고신선한 횟집 하면 사동 동네횟집이다. 신선도 최고인 회를 저렴하게 내는 것은남편이 횟감 도매상을 하기 때문이다.","맛은 물론 스키다시, 양, 가격 모두 가성비 좋은 회 맛집",031-365-3559,경기도 안산시 상록구 장화로 19-1(사동),70석,"건물 앞, 공영주차장",연중무휴,한식
홍익궁중전통육개장(이동점),"얼큰하고 시원한 맛이 일품인 육개장은 계절과 상관없이 우리나라 사람들이 좋아하는 대표 보양식 입니다. 그럼에도 불구하고 현실은 전문점들이 많이 없다 보니, 분식집, 중국음식점에서 판매하는 반면, 라면 등 레토르트 식품으로도 등장하고 있습니다. 그래서 홍익 궁중 전통육개장이 전통성을 계승하고, 발굴해서 자체 개발한 전통식 다진양념과 맛이 깊고, 풍미가 진한 육수로 하여금 제대로 된 육개장을 선 보입니다. 홍익 궁중 전통육개장에는 여러 의미가 담겨져 있습니다. 널리 이롭게 하는 것과, 큰 이익 그리고 큰 기러기의 날개 등의 뜻을 담고 있습니다. 홍익 궁중 전통육개장은 전통육개장으로 맛과 건강으로 고객들로 하여금 널리 이롭게 해서 즐거움, 행복을 드리고 싶습니다. ",,031-409-6669,경기도 안산시 상록구 송호3길 1층(이동),111.68㎡,가능,0800~22:00,한식
대박장어(고잔동),오후 5시에 오픈하는 곳으로 이곳을 방문하려면 시간을 맞춰서 가야 한다. 그런데도 신선도와맛 모두 최상인 보양식의 끝판왕 장어 맛집이라 손님들이 많다. 그것은 수족관을 갖추고 있고국내산 민물장어만 사용하며 사이즈 큰 장어를 내어 신뢰하기 때문이다. 그런데 가격도 착해단골들이 많다. 푸짐하게 내는 인심에 마음의 배까지 부른 곳. 좋은 재료를 사기 위해 매일직접 야채와 양념들을 구입하는 정성스러움도 맛을 배가되게 하는 이곳은 장어탕 맛집이기도하다. 장어 뼈를 기계로 갈지 않고 고운 후 채로 걸러내는 힘든 수고 덕분이다. 정성만으로도 찐맛집이다.,보양식의 끝판왕 장어 맛집!,031-487-7568,경기도 안산시 단원구 다리간2길 62 (고잔동),64,"주변, 공영",연중 무휴,한식
한양복국시,한양복국시는 활복생복 등 싱싱한 복어를 사용하여 복어만의 담백한 맛을 느낄수 있도록 최선을 다하고 있습니다남녀노소 누구나 즐길수 있는 다양한 메뉴를 준비하고 있습니다많이 찾아주세요,,031-502-0221,경기도 안산시 상록구 송호1길 93,,,,한식
꾼남도맛집,맛의 비결이나 차별화는 무엇일까? 정성과 솜씨는 기본이고 산삼 나무라불리는 황칠나무에 10여 가지 건강에 좋은 약재를 넣고 끓인 육수에 있다. 밥을 짓거나 반찬은물론 찌개를 끓일 때도 이 육수를 사용한다고 하니 이곳에서 먹는 식사는 보약이다.,줄 서 기다리는 남도맛집!,031-410-2589,경기도 안산시 단원구 선부광장1로 124 (선부동),48석,공영주차장,명절 당일,한식
조박사옥돌부대찌개,오픈 전 맛있는 맛을 위해 부대찌개 맛집들을 투어하고직접 만들어서 맛을 보고 평가를 받는 등 노력한 덕분인지 오픈 당시부터인기몰이가 진행되어 지금도 이어지고 있는 부대찌개 맛집이다.,오픈부터 시작된 인기몰이 현재 진행형,031-494-0041,경기도 안산시 단원구 신길로 13-11(신길동) T. 031-494-0041 54석 일요일 주차 주변,54석,주변,일요일,한식
김연주 한쌈,‘안산 프리미엄 한식! 저희 가족이 먹는다는 생각으로정성을 담아 만듭니다. 참우렁이 자연농장 직거래 한국인의 밥상’이라는카피만으로도 신뢰가 가는데 맛을 보면 엄지 척 바로 단골이 된다.,‘안산 프리미엄 한식!,031-406-3338,경기도 안산시 상록구 석호로 159(사동),64석,공영주차장,"매주 월요일, 명절",한식
영월애 곤드레,"영월애 곤드레바다와 육지의 식재료를 엄마의 손맛으로 정성껏 요리해쌈 채소와 함께 즐기는 집 밥 같은 한상 차림 퓨전 한정식 전문점으로젊은 사장님이 직접 요리하며 맛과 영양에 신경을 많이 쓰는 만큼 맛,가격 모두 만족하는 인기 맛집이다.",접대 손님을 모셔도 손색 없는 젊은 한정식,031-403-3016,경기도 안산시 단원구 당곡로 33(고잔동) 안산프라움씨티 2층,100석,지하,연중무휴,한식
해미청,해미청은 안산에서 아귀찜과 해물찜이 가장 맛있는 음식점이다. 아귀찜은 재료의 신선함과 요리사 손맛이 더해져 쫄깃하고 매콤하고 감칠맛 나는 건강한 요리이다. 해미청은 어머니의 뒤를 이어 젊은 아들이 전통의 아귀찜 맛을 그대로 재현해내고 있는 식도락가들이 인정하는 아귀찜 전문점이다.,아구찜 맛집,031-438-7789,경기도 안산시 상록구 각골로 47,"좌석 100석, 룸 40석",주차장 완비,명절,한식
수가성순두부,국산콩으로 직접 두부를 만들어 영양가가 더 높고고소함도 뛰어나 맛의 차원이 다른 두부 맛의 지존이라 할 두부 전문 맛집으로2020년 SBS 생방송 투데이 방송을 탄 후 더 유명해진 곳이다.,영양가 높고 고소함도 뛰어난 두부 맛의 지존이라 할 두부 전문 맛집,031-406-1421,"경기도 안산시 상록구 송호1길 17(이동) 1, 2층 120석 / 휴무 명절","1, 2층 120석",주변,명절,한식
아초원,4계절 아름다운 풍경이 펼쳐지는 정원이 있는 월남쌈 맛집.도자기 작가인 여사장님이 운영하는 이곳은 미술인답게식당 인테리어도 감각적이고 맛도 뛰어나 기다리는 것이 기본인 맛집이다.,아름다운 외부 정원과 감각적인 실내 인테리어까지 완벽한 맛집,031-437-3838,경기도 안산시 상록구 비늘치길 49(사사동),98석,전용,명절,한식
어울림돌솥밥,상호만 보면 음식 솜씨 좋은 나이 드신 여사장님이 사장님일 것 같지만이곳의 사장님은 매우 젊은 청년이다. 요리를 좋아해서 조리학을 전공하고한식에 매료되어 한식당을 하는 만큼 자부심이 대단하다.,한식에 대한 자부심이 남다른 젊은 셰프의 한식,031-407-5880,경기도 안산시 상록구 구룡로 6(일동),40석,주변,"매주 일요일, 명절",한식
이천영양돌솥밥,이천영양돌솥밥은 균형 잡힌 영양 식단과 신토불이 음식을 고집스럽게 지켜온 한정식 식당이다. 손이 많이 가는 한정식을 같은 자리에서 27년간이나 운영했다는 것만 봐도 사장님의 한정식에 대한 집념과 애정이 오롯이 느껴진다,건강하고 맛있는 돌솥밥 영양 한정식,031-408-2008,경기도 안산시 상록구 항가울로 7,"좌석 1층 30석, 2층 60석",인근 주차 가능,명절,한식
막썰어회식당,횟집을 운영하지 않았으면 월급의 반은 횟값으로 지출되었을 것이라는회 마니아인 젊은 대표는 싱싱하고 맛있는 회 제공을 위해재료 비용을 아끼지 않는 믿음직스러운 회 전문가이다.,회 마니아인 젊은 대표가 내는 싱싱하고 맛있는 회,031-437-7211,경기도 안산시 상록구 광덕1로 375 강우프라자(이동),"내부 64석, 외부 24석",공영,연중 무휴/ 영업 pm2:00~새벽 1:00,횟집
원조한치회,24년 동안 같은 자리에서 영업하고 있는 한치회와 아귀찜 맛집으로유명한 원조한치회는 이미 맛집으로 소문나서모르는 사람이 오히려 이상할 정도인 곳이다.,24년 같은 자리에서 영업하는 한치회와 아귀찜 맛집,031-411-2725,경기도 안산시 단원구 당곡2로 16 주공5단지 상가(고잔동),30석,매주 월요일,주변,횟집
풍천장어대감,2021년 6월에 오픈하여 코로나로 단체 손님들을 받지 못해많이 힘들었지만 지금까지 먹어보았던 장어들과 차별화된 맛있는장어라는 손님들의 입소문으로 유지하게 된 장어 맛집이다.,차별화된 맛 장어라는 손님들 입소문으로 알려진 장어 맛집,031-405-0592,경기도 안산시 단원구 광덕3로 135-14(고잔동),52석,지하,연중무휴,일식
본가 해미청,"생생정보 방송 출연 맛집, ‘맛의 정석! 안산 아귀찜 본가 맛집’,오래전부터 아귀 맛집으로 명성을 누리고 있는 해물찜과 아귀찜 전문 16년 차인본가 해미청은 한결같은 맛으로 손님들의 발길이 이어지는 곳이다.안산시 단원구 선부광장로 67(선부동) T. 031-402-1700 / 룸 6개 좌식, 홀 의자 124석 / 휴무 명절 / 주차장 전용아귀찜·해물찜 소중대(35,000 / 49,000 / 63,000) / 아귀탕 소중(35,000 / 49,000)",한결같은 맛으로 손님들의 발길이 이어지는 곳,031-402-1700,경기도 안산시 단원구 선부광장로 67(선부동),"룸 6개 좌식, 홀 의자 124석",전용,명절,한식
엉클짱왕해물탕·찜,전국 해산물 관광음식 경연대회 외식부 금상을 수상한 해물찜 맛집으로찾기가 쉽지 않은 위치에 2층인데도 넓은 홀이 만석이고 여기저기 손님들의행복한 웃음소리가 넘치는 곳이다.,전국 해산물 관광음식 경연대회 외식부 금상을 수상한 해물찜 맛집,031-486-9388,경기도 안산시 단원구 초지동로 45(초지동),"룸 40석, 홀 44석",지하 주차 및 주차타워,명절,한식
우리네갈치조림,1992년에 오픈하여 23년째 같은 자리에서 한결같은 맛으로손님을 맞는 갈치조림 전문점으로 음식도 홀 서비스도 사장님이 하시는1인 음식점이라 친절도 맛도 한결같은 맛집이다.,23년째 같은 자리에서 한결같은 맛,031-402-9886,경기도 안산시 단원구 선부광장로 95 102호(선부동),24석,건물 앞과 공영주차장,일요일,한식
앤의 식탁,"빨간머리 앤이 반갑게 맞이할 것 같은 앤의 식탁은 인테리어 된 소품들도앤의 캐릭터가 주를 이루는 인도네시아, 스페인, 스위스, 헝가리 등유럽 가정식 음식을 맛볼 수 있는 한양대 에리카 맛집이다.",유럽 가정식 음식을 맛볼 수 있는 서양 맛집,031-407-5360,경기도 안산시 상록구 성안길 84-1(사동),36석,주변,"명절 / 월-금 10:00~22:00, 토-일 01:00~21:00",양식
위드유,위드유는 뉴욕 유학 중에 음식 잘 만드는 재능을 발견하여 이태리 요리를공부하고 돌아와 자신 있게 창업하여 바로 이태리 음식 맛집의 명성을 얻었고그 명성은 롱롱 지금도 앞으로도 이어질 이태리 요리 맛집이다.,뉴욕 유학 중 이태리 요리의 매력에 빠진 셰프의 이태리 맛집,031-485-5252,경기도 안산시 단원구 광덕3로 167-12 그린타운(고잔동),38석,주변,매주 일요일,양식
니지스시,‘저희 니지 스시는 양질의 신선한 초밥을 제공하기 위해하루 50인분의 재료 당일 소진을 원칙으로 하므로 재료 소진으로조기 마감이 있는 점 양해해 주세요’ 라는 문구가 더 기대감을 갖게 한다.,1일 50인분 재료로 당일 소진을 원칙으로 하는 스시 맛집,031-410-0014,경기도 안산시 단원구 광덕대로 174(고잔동) 월드타운C동 149호,9석(ㄱ자),지하주차장,매주 일요일,일식
신동신참치,참치 전문점이라 해도 일반회가 함께 나오는 경우가 많은데신동신참치는 그야말로 참치 전문점답게 오로지 신선하고 맛있는고급 참치만 맛볼 수 있는 곳이다.,,031-486-3323,경기도 안산시 상록구 예술광장로 49(성포동),24석,지하+공영,일요일,일식
어전참치,밤이면 직장인들이 수고한 하루를 보상 받으려는 듯 불야성을 이루는데그 불야성에 불을 지펴 맛있는 참치와 술의 어울림으로위로와 행복을 주는 참치 맛집 전문점이다.,맛과 가격 가성비 높은 위로와 행복을 주는 참치 맛집,031-413-3743,경기도 안산시 단원구 초지로 90(초지동),28석,지하주차장,일요일,일식
북경,"월피동에서만 15년, 중화요리 경력은 30년 된 중화요리전문 셰프의 중화요리를 맛볼 수 있는 곳. 한적한 주택가에 위치하지만손님들의 입소문으로 더 유명해진 중국 식당 맛집이다.","월피동에서만 15년, 중화요리 경력 30년 된 중화요리",031-401-1283,경기도 안산시 상록구 안산천동로4길 1(월피동),56석,주변,명절,중식
스타짬뽕,스타짬뽕은 노포를 연상케 하는 중식당으로 노포의 오래된 역사 그 이상의 깊은 맛이다.사장님은 자신이 만든 중화요리는 그 어느 중식당과도 비교 불가라고 자신하는데그것은 맛보는 순간 증명이 된다.,노포를 연상케 하는 중식당으로 노포의 오래된 역사 그 이상의 깊은 맛,031-402-0091,경기도 안산시 상록구 화랑로 495(성포동) 지하 1층,44석,공용,매주 일요일,중식
연길반점,이곳은 상호가 반점이라 짜장면을 먹을 수 있는 중화요리집으로 생각되지만중국어로 반점(fandian)은 식당을 가리키는 단어로 중국요리를먹을 수 있는 중국요리 전문식당이다.,중국요리를 먹을 수 있는 중국요리 전문식당,031-408-3321,경기도 안산시 상록구 안산대학로 20(일동),40석,주변(매화초등학교 주변),연중무휴(예약 필수),중식
향성,젊은 날 가난을 이겨내고 의식주 해결을 위해 배웠는데이제는 만드는 것도 행복하고 맛있게 드시는 손님들을 보는 것도 행복하여중화요리가 인생이고 자부심이라는 중화요리 맛집이다.,중화요리가 인생이고 자부심이라는 중화요리 맛집,031-475-3777,경기도 안산시 단원구 선부광장1로 182 송천빌딩 1층(선부동),"1, 2층 44석",건물 지하,매주 일요일,중식
병아리언니오리오빠(원곡동),"같은 자리에서 16년째인 이곳은 메뉴만 봐도 불끈 힘이 솟는 능이버섯 오리백숙과 흑염소 요리전문점이다. 능이버섯 오리백숙은 오리뼈로 끓인 육수에 황기, 대추, 청궁, 월계수, 오가피 등10여 가지 약재를 넣고 달여 육수 하나만으로도 보약이다. 그런데 능이버섯과 6년근 인삼을추가하니 이곳에서 먹는 음식들은 보양 중에 보양식이다. 염소 요리는 가장 맛있고 부드러운어린 염소고기와 직접 개발한 레시피 양념을 사용해 냄새가 없고 부드럽고 구수하다. 이곳은오리백숙은 물론 염소요리 전문점으로도 유명한데 함께 제공되는 찰밥까지 보약이다. 불린쌀을 베보자기에 넣어 육수를 낼 때 함께 끓이기 때문이다.",특이한 상호만큼 독보적인 보양식 전문점!,031-487-9361,"경기도 안산시 단원구 라성로 48, 2층 (원곡동)",76,"지하, 공영","셋째 화요일, 명절",한식
진장어(부곡동),"강산이 두 번 바뀐 역사와 ‘진’이라는 상호에 걸맞게 맛도 가격도 정성도 ‘진’이다. 이곳의경쟁력은 복분자, 소금구이, 양념장구이, 간장구이 4가지 색다른 구이를 맛볼 수 있다는 것, 소스를야채와 해산물 등 자연재료로 만든다는 것, 맛에 집중할 수 있도록 구워준다는 것, 야외에서도먹을 수 있도록 야외용이 가능하다는 것 등 한두가지가 아니다. 식사의 대미를 장식할장어죽까지 압권이다. 이곳은 보양식 장어 홍보를 위해 KBS 방송 출연, 한국 음식대전(금상)등 요리경연대회 출전은 물론 업그레이드된 보양식을 위해 매주 월·화 휴무를 하고 연구하는시간을 갖는다고 하니 진정한 장어 맛집이다.","20년 역사, 보양식 장어 코스 요리!",031-483-5482,경기도 안산시 상록구 시낭북로 3길 1(부곡동),40,"건물 앞, 공영","매주 월, 화",한식
한우우족탕설렁탕(일동),"냄새 없고 고소한 한우우족 본연의 맛을 위해 오픈 전 전국 우족탕 맛집들을 투어하는 등 연구를통해 소문난 맛집에 이른 한우우족 설렁탕 찐 맛집! 정성, 품질, 맛 모두 최고지만 손님들 주머니사정을 생각해서 가격까지 착하다. 우족탕은 끓이는 방법이 맛을 좌우하는데 그것을 터득하기위해 노력한 시간과 노하우가 아까워 그만두지 못하는 보양식 맛집. 여러 차례 불 조절로 끓이며불순물을 제거하는 과정이 중요하단다. 담백하고 구수하며 식히면 묵이 되는 진한 우족탕은보약인데 도가니까지 한가득이다. 뚝배기에 담아내는 정성도 맛과 연결된다는 사장님의 진심이국물만큼 진한 곳, 점심에만 문을 열어 아쉽지만 아쉬운 만큼 더 찾게 되는 곳이다.",순수 한우만 사용하는 맛집!,031-406-2482,경기도 안산시 상록구 구룡로 75-1(일동),48,음식점 앞,"주말, 명절",한식
안산국보만두(고잔동),"국보급 음식을 제공하려고 상호를 국보만두로 지은 만큼 이곳의 요리는 재료도 맛도코스요리의 구성도 모두 국보급이다. 그 어디에서도 맛볼 수 없는 차별화. 세트메뉴를 주문하면진하고 구수한 육수에(사골 &amp; 해물 육수)에 각종 야채와 버섯, 샤브용 소고기와 직접 빚은만두를 넣은 신개념 샤브샤브를 맛볼 수 있다. 이어 상추에 싸 먹는 잡스만두와 보쌈 그리고크고 신선한 버터구이 전복은 맛의 럭셔리 그 자체이다. 압권은 생크림과 들깨가루 소스를 넣은들깨크림페스토이다. 환상적이다. 한 상 잘 차려진 수라상을 받은 듯 고급진 조합. 마진보다손님들의 만족도를 고집하는 이곳은 진정 국보급 맛집이다.",상호명에 걸맞은 국보급 샤브샤브 미슐랭 맛집!,031-481-9882,경기도 안산시 단원구 광덕서로62 (고잔동),52,"지하, 공영","매주 월요일, 명절",한식
명동칼국수(대부북동),어머니가 운영했던 그물집 칼국수의 대를 이어 명동칼국수로 상호를 바꾸고 시대 입맛에 맞춘퓨전화로 더 유명해진 칼국수와 매운탕 맛집. 맛 비결은 싱싱한 해산물과 야채로 끓인 육수와조미료를 전혀 사용하지 않는다는 것에 있다. 야채를 직접 재배하여 가격이 착하고 신선도가높다. 가족이 먹는 것처럼 요리하고 어머니 음식 솜씨를 재현하여 한번 오신 분들은 90%다시 찾는 이곳 메인은 칼국수인데 재료가 일찍 소진되는 날이 많다. 수제비가 맛의 포인트인매운탕도 산 우럭을 사용해 신선하고 시원하고 단맛이 난다. 직접 기른 늙은 호박을 넣어 끓인계절 별미 칼국수도 시그니처인 맛집이다.,원조 어머니의 대를 잇는 맛집!,032-881-3455,경기도 안산시 단원구 구봉길 20 (대부북동),84,전용,매주 화요일,한식
성가네동태탕·찜전문점(이동),"시원하고 진한 국물 맛이 일품인 동태탕 맛집인 이곳은 다른 메뉴를 주문해도 후회하지 않는선택이다. 어려서부터 음식 만들기를 좋아했던 여사장님의 뛰어난 음식 솜씨 덕분에 항상붐비는 곳. 그 비결은 야채와 해물 등 7가지 재료를 넣어 끓인 보약 수준의 육수에 있으며,절단이 아닌 통 동태를 사용하는 등 좋은 재료를 사용하고 재료를 3시간 가량 다듬는 정성에있다. 불순물이 맛을 떨어뜨린다는 신념 때문이다. 재료 또한 아끼지 않는데 그것은 계란을 많이넣어 탄력이 느껴지는 수북한 높이의 계란찜만 봐도 알 수 있다. 진심은 손님들이 먼저 알기에멀리 이사 간 손님들이 다시 찾을 만큼 단골들이 주를 이룬다",맛 내기가 가장 어렵다는 동태탕 맛집!,031-408-5999,경기도 안산시 상록구 광덕1로 358 (이동),76,지하,"매주 일요일, 명절, 공휴일",한식
양푼이갈비김치찌개(고잔동),"찾기도 쉽지 않고 주차도 어려운데 점심시간에는 자리 나기를 기다려야 할 만큼 소문난 이곳의메인은 갈비김치찌개로 국내산 생갈비로 끓여서 국물 맛이 탁월하다. 시원 칼칼하고 구수하며깊은 맛의 진한 국물이 감동이다. 보기만 해도 군침이 도는 커다란 생갈비와 민물새우와 멸치,다시마, 고추씨 등 18가지 해산물과 야채류를 넣고 끓인 육수가 어우러져 환상적인 맛이다.좋은 재료를 아끼지 않고 사용하는 진심까지 느껴지는 곳이라 맛이 없을 수가 없다. 이곳의 메인메뉴는 갈비김치찌개지만 요일별 스페셜 메뉴 또한 메인 메뉴라 해도 손색이 없다. 맛집으로소문난 만큼 재료가 빨리 소진되는 날이 많으니 오후에 방문하려면 전화 문의는 필수이다",중독성 강한 김치찌개의 품격!,031-402-8989,경기도 안산시 단원구 이삭2길27 (고잔동),46,공영,매주 일요일,한식
은평감자탕(고잔동),30여 년 역사를 가진 전통 감자탕 전문점인 이곳은 이미 소문난 맛집인데 3년 전 음식 솜씨 좋은젊은 사장님이 뒤를 이어 전통을 잇고 있다. 이곳 감자탕 맛을 잊지 못해 찾아오는 손님들로부터더 맛있어졌다는 소리를 들으며 힘이 난다는 사장님은 고창에서 신선하고 품질 좋은 양념들을공수하는 등 최상의 재료를 사용하며 야채는 텃밭에서 직접 농사를 지어 사용한다. 감자탕은남녀노소 모두 좋아하는 메뉴지만 젊은 학생들이 많이 모이는 중앙동에 위치한 만큼 그들을위해 등뼈찜을 추가하여 더 인기 맛집으로 등극했다. 그런 이곳은 오랜 역사만큼 감자탕 찐맛집이다. 다른 메뉴도 맛있어서 무엇을 시켜도 후회하지 않는다.,비교 불가 전통 감자탕 맛집!,031-402-4757,경기도 안산시 단원구 고잔2길 38(고잔동),48,"지하, 공영",명절,한식
조순금닭도리탕(본오동),오래된 건물 그것도 6층에 위치한 이곳은 닭도리탕집이 6층이라는 것에 고개를 갸웃하지만6층에 내리는 순간 고급 레스토랑인가 다시 갸웃하고 문을 열고 들어서면 창문으로 보이는풍경이 북유럽에 온 듯 착각하게 된다. 특히 넓고 쾌적하며 심플하고 모던한 인테리어는 고급레스토랑 그 이상 품격이라 신선한 충격이다. 식탁 아래와 창 쪽 옷 보관함은 고객을 위한배려라 감동이다. 더 놀라운 것은 메뉴가 닭도리탕 단품이라는 것과 맛이 독보적이라는 것이다.오로지 닭도리탕 하나에 집중하는 경영자의 고집과 자신감이 맛에 녹아 있다. 맛 연구를통해 마늘 숙성을 해답으로 얻어 낸 이곳 닭도리탕 맛은 지존 그 자체다. 자세를 바르게 하고소곤소곤 예를 갖추게 되는 인생 닭도리탕 맛집이다.,"단품 메뉴 인생 맛집, 닭도리탕의 지존!",031-501-1007,"경기도 안산시 상록구 본삼로 39, 6층(본오동)",92,공영,"매주 월요일, 명절",한식
짱도리식당(고잔동),"안산시청 앞에 위치한 이곳은 관공서는 물론 주변 직장인 중 모르는 사람이 없을 정도로닭도리탕, 닭개장, 닭칼국수 맛집으로 유명하다. 멀리서도 찾아오고 직장을 옮긴 후에도찾아오는 손님들이 있어서 브레이크 타임도 없다. 맛은 물론 좋은 재료, 푸짐한 양, 특히직장인의 주머니 사정을 생각해 가격이 착하다는 것 등 맛집의 조건을 모두 갖추었다. 이곳은어떤 메뉴를 주문해도 후회하지 않는다. 그것은 황기, 감초, 뽕나무 등 갖가지 좋은 약재와야채를 넣은 보약 수준의 육수로 끓여 닭 특유의 냄새가 없고 깊은 맛 담백한 맛이 나기때문이다. 삼촌과 이모 같은 푸근함과 친절함도 인기 맛집 등극에 한몫한다.",닭개장 닭곰탕 인생 최애 맛집!,031-411-8880,경기도 안산시 단원구 고잔로 57-9(고잔동),66,지하,매주 일요일,한식
홍가네감자탕(본오동),"이곳 감자탕의 경쟁력은 부드럽고 구수한 무청 시래기에 있다. 그것은 1차 건조, 2차 삶기, 3차얼리기 과정을 거친 정성 때문이다. 양념 또한 오랜 경험과 노하우로 만든 만큼 맛에 대해서는독보적이다. 진한 국물과 푹 고아 삶은 돼지등뼈 살과 어우러진 감자탕 맛은 일품이다. 이처럼맛과 영양을 모두 갖춘 만큼 그날 팔아야 하는 양이 빨리 소진되는 경우가 많아서 일찍 문을닫을 때가 많다. 그러므로 저녁에 방문할 계획이라면 문의와 예약은 필수이다. 12시간 핏물을빼고 냄새 제거를 위해 끓이는 과정에서 들이는 정성과 노력 덕분에 단골들이 주를 이루는감자탕 맛집이다.",맛 비교 불가 자부심의 감자탕!,031-406-5155,"경기도 안산시 상록구 본오로 23, 1층(본오동)",40,공영,"매주 화요일, 명절",한식
어스트밀 중앙점(고잔동),매장을 들어서면 넓고 쾌적하고 모던한 공간이 반긴다. 젊은 여사장님이 운영하는 이곳은2호점으로 대학생들이 주로 이용하여 브런치만 제공되는 1호 한양대점과 달리 소개팅과 연인은물론 가족 전 세대가 이용할 수 있는 메뉴로 차별화를 준 고급 레스토랑이다. 사장님은 맛집투어는 물론 유명 브런치 카페에서 요리를 배우는 등 완벽한 준비과정을 거쳐 오픈한 만큼 오픈1년 반밖에 안 되었지만 맛집으로 등극한 곳이다. 이곳은 프랜차이즈가 아니므로 소스를 직접만들고 끊임없이 개발하고 맛을 업그레이드하고 있어서 그 진정성은 맛으로 감동을 준다. 수저셋팅도 신경 쓰는 등 손님을 위해 집중하는 파스타와 스테이크 맛집이다.,모던하고 고급스러운 이태리 레스토랑!~,0507-1490-2270,"경기도 안산시 단원구 고잔2길 45, 2층 (고잔동)",약 80석 + 룸,"지하, 공영",연중 무휴,양식
페퍼로니 버튼(사동),홀 피자집의 대중화를 위해 해외 유명한 피자 전문점들을 투어하고 돌아와 한국인의 입맛에맞는 피자 전문점을 오픈했단다. 이곳은 한양대학교 앞에 위치한 만큼 젊은 대학생들 취향에맞춘 듯 실내 분위기는 힙하고 트랜디하다. 붉은색 인테리어와 철제 의자가 미국의 어느 홀피자전문점에 온 듯 착각하게 된다. 인기 맛집인 비결은 3일간 저온 숙성하여 겉은 바삭하고 속은쫄깃한 도우와 신선한 토핑에 있다. 학생들이 많이 찾는 이곳과 달리 많은 수요와 가족 단위손님들을 위해 문화광장에 2호점을 오픈하여 그곳 또한 인기 피자 맛집으로 등극했다. 그곳은모던하고 화이트&amp;브라운 톤의 인테리어로 고급스러운 분위기이다.,피자 사랑꾼 사장님은 오늘도 공부 중!,0507-1435-8854,"경기도 안산시 상록구 성안길 82-3, A동 (사동)",40,"공영, 건물 앞",명절,양식
돈카츠석(고잔동),"머리에 두건을 두른 셰프들의 정신없이 빠른 손놀림, 일본의 어느 돈카츠 맛집을 방문한 듯한착각이 들고 맛이 예사롭지 않다는 것을 느낄 수 있다. 30대 젊은 경영자는 돈카츠점 오픈을위해 연구는 물론 돈카츠 맛을 보기 위해 일본 등에서 발품을 팔았단다. 그 결과 두툼한데도부드럽고 겉은 바삭하여 한 입 베어 물때마다 바삭거리는 지금의 메뉴가 탄생했고 성공이다.부드럽고 고소함은 안심과 등심을 1주일간 냉장 숙성하고 밑간을 한 다음 다시 2일 숙성하는데있다. 이곳의 메뉴를 모두 맛보고 싶다면 새우튀김, 히레카츠, 치즈카츠, 가라아게 4가지를 맛볼수 있는 모듬 정식 믹스후라이를 주문하면 된다. 행복 그 자체이다.",일본의 돈카츠 맛집 투어 중?,070-8834-1769,경기도 안산시 단원구 광덕2로 155-10 (고잔동),16,"지하, 공영","매주 일요일, 명절",일식
북경오리구이전(원곡동),"17살부터 요리를 배웠고 길음성이 고향인 사장님이 요리하는 이곳은 브레이크 타임이 없을정도로 손님이 많다. 문을 열고 들어서면 바로 오리구이 화덕이 반기는데 고소한 향이 침샘을자극한다. 오리를 고량주에 담가 냄새를 없애고 냉동과 냉장 숙성을 거친 후 화덕에 구워내 겉은바삭하고 속은 부드럽다. 가격까지 착해서 감동인 이곳에서 북경오리구이 세트를 주문하면오리구이 슬라이스와 후라이드가 나오는데 슬라이스를 밀전병에 파채, 오이, 마늘과 함께올려 싸 먹으면 별미 중 별미이다. 중국의 3대 요리를 즐길 수 있는 이곳은 지삼선, 경장육슬,오이양장피, 꿔바로우 맛집으로도 유명하다.",중국의 3대 요리 중 하나인 북경오리구이!,031-495-6062,경기도 안산시 단원구 다문화2길 29 (원곡동),40,공영,연중 무휴,중식
연길진달래냉면(원곡동),"연길이 고향인 사장님은 24년 전, 고향 음식이 먹고 싶어서 진달래 냉면을 주문했는데 고향에서먹었던 그 맛이 아니어서 바로 연길진달래냉면점을 차렸단다. 제대로 된 중국식 냉면을 맛볼수 있는 곳이다. 특징은 새콤달콤매콤함과 구수하고 담백한 국물인데 품질 좋은 아롱사태로육수를 내고 사장님의 뛰어난 음식 솜씨가 더해져 독보적이다. 육수는 아롱사태로 끊인 국물에한약재를 넣고 다시 달여 보약 수준이며 면은 볶은 메밀에 감자와 옥수수 전분으로 비율을맞추고 탄력을 위해 냉소다를 넣고 익반죽해 구수하고 쫄깃하다. 딸기쨈, 파인애플쨈 등과일쨈으로 만든 소스가 압권인 꿔바로우 맛집이기도 하다.",중국식 진달래 냉면과 꿔바로우 맛집!,031-494-8838,경기도 안산시 단원구 원본로1길 10-5 (원곡동),82,공영,매주 화요일,중식
오뚜기수타면(원곡동),"싱싱한 야채 제공을 위해 직접 농사를 짓는 사장님의 샤브샤브 요리에 대한 자부심은 맛으로연결되어 유명해진 샤브샤브 맛집이다. 샤브샤브는 마라소스 매운맛과 사골 국물 2가지인데직접 재배한 각종 야채와 다양한 해산물과 소고기와 양고기를 넣어 끓여서 보약이다. 이곳의경쟁력은 야채, 해산물, 양고기, 소고기 등 모든 재료가 무한 리필이라는 것과 식사 대용수타면이 서비스로 제공된다는 것이다. 손님들의 주머니 사정을 생각해 직접 발품으로 재료를구입하고 농사를 지어 야채를 제공하는 만큼 가격도 착한 이곳은 중국인들은 물론 러시아인과한국인 등 여러 나라 사람들이 골고루 찾는 세계인의 맛집이다.","중국 요리 전문, 세계인의 맛집!",031-507-3689,경기도 안산시 단원구 원곡로 23 (원곡동),룸 3개(10*3=30석)/홀 66석,공영,연중 무휴,중식
천교(원곡동),"중국 전통 샤브샤브 맛집이자 사천요리·동북 요리 전문식당으로 유명한 이곳은 13년째 같은자리에서 중국 오리지널 요리를 내고 있다는 것에 대한 사장님의 자부심이 대단한 곳이다.중국 대인이란 단어가 어울릴 만큼 많은 요리를 뚝딱 만들어내고 그것으로 행복하다는 젊은사장님의 자부심과 긍지는 맛으로 이어져 맛도 정성도 감동이다. 30가지가 넘는 많은 요리중에 메인요리는 샤브샤브, 소힘줄장조림, 모숴이왕, 마라가재, 활어회 조림, 화천식 소고기조림이다. 샤브샤브는 매운맛 순한맛 2가지인데 다양한 야채와 딤섬류, 각종 해산물과 버섯,소양, 소고기와 양고기 등을 넣어 완전 보약이다. 그런데 무한 리필이다.",중국 사천요리와 동북요리 전문점!,031-494-5975,경기도 안산시 단원구 부부로2길22 (원곡동),"68석 (룸 별도, 단체)",공영,연중 무휴,중식
풍광쟈창차이(신길동),"길림성이 고향인 젊은 부부 사장님이 운영하는 이곳은 인테리어가 심플하고 깔끔한데 맛도심플하고 깔끔하여 젊은이들이 많이 찾는 맛집이다. 남자 사장님이 요리를 하고 여사장님은홀 서빙을 담당하는데 아직 한국말이 어색하지만 한국인 입맛을 제대로 겨냥한 곳이다. 그런만큼 한국인 손님들이 더 많은데 새콤달콤한 어향가지 요리는 꼭 맛봐야 할 이곳의 시그니처요리이다. 대표음식은 동파육과 향라새우, 매콤오징어볶음, 어향가지와 꿔바로우인데꿔바로우는 다른 곳과 비교불가일 만큼 고소하고 담백 쫄깃 달콤한 맛이 환상적이다. 도심이아닌 신길동에 위치하고 안쪽에 있어 찾기 어렵지만 앉을 자리가 없는 맛집이다.",젊은이들이 즐겨 찾는 중화요리 맛집!,070-8116-5948,경기도 안산시 단원구 신길로 9-3 (신길동),40,"지하, 공영",매주 월요일,중식
팟타이(원곡동),태국 파견 근무 시 만난 태국인 아내의 뛰어난 음식 솜씨가 아까워서 귀국 후 태국 음식점을운영하게 되었다는 이곳은 태국 현지인은 물론 한국인들도 많이 찾는 태국 음식 맛집이다. 메뉴중에 팟타이는 달걀과 새우가 들어간 볶음 쌀국수로 생숙주와 함께 먹는 태국 대표 음식이며꿍팟퐁커리는 새우와 카레와 태국전통 굴소스로 만든 고급 볶음 카레요리로 한국인들이 가장많이 주문하는 메뉴 중 하나다. 똠얌꿍은 세계 3대 수프 중 하나로 새우와 타이 허브로 맛을내어 새콤달콤매콤한 맛이 일품이며 파파야 샐러드는 입맛을 돋워주는 후식이나 전식 모두 잘어울리는 메뉴이다. 적극 추천하고 싶은 태국음식 맛집이다.,태국 현지 음식 재현 기대 이상 맛집!,0507-1402-0562,경기도 안산시 단원구 부부로 4(원곡동),36,공영,매주 화요일,양식
